doi,group_id,n_rows,group_n_dois
10.1006/jcht.1996.0019,67,9,1
10.1006/jcht.1996.0055,68,3,1
10.1006/jcht.1996.0108,69,1,1
10.1006/jcht.1996.0179,70,9,1
10.1006/jcht.1997.0277,71,7,1
10.1007/bf00647270,72,8,1
10.1007/bf00649571,73,4,1
10.1007/bf00649573,74,200,1
10.1007/bf00972527,75,7,1
10.1007/s10953-005-7691-2,76,41,1
10.1007/s10953-005-9007-8,77,10,1
10.1007/s10953-010-9568-z,78,9,1
10.1007/s10953-011-9673-7,79,5,1
10.1007/s10953-012-9872-x,80,5,1
10.1007/s10953-012-9876-6,81,2,1
10.1007/s10953-012-9894-4,82,12,1
10.1007/s10953-012-9917-1,83,18,1
10.1007/s10953-012-9951-z,84,24,1
10.1007/s10953-013-0010-1,85,54,1
10.1007/s10953-013-0074-y,86,66,1
10.1007/s10953-013-0076-9,87,9,1
10.1007/s10953-013-0089-4,88,15,1
10.1007/s10953-013-0110-y,30,77,2
10.1007/s10953-013-9960-6,89,36,1
10.1007/s10953-013-9962-4,90,7,1
10.1007/s10953-013-9998-5,91,36,1
10.1007/s10953-014-0160-9,92,45,1
10.1007/s10953-014-0169-0,93,15,1
10.1007/s10953-014-0171-6,94,5,1
10.1007/s10953-015-0339-8,95,54,1
10.1007/s10953-016-0484-8,96,63,1
10.1007/s10953-016-0526-2,97,3,1
10.1007/s10953-017-0664-1,98,30,1
10.1007/s10953-017-0681-0,99,42,1
10.1007/s10953-018-0758-4,100,24,1
10.1007/s10953-018-0763-7,101,63,1
10.1007/s10953-018-0788-y,102,134,1
10.1007/s10953-018-0808-y,103,49,1
10.1007/s10953-019-00853-7,104,16,1
10.1007/s10953-020-00980-6,105,49,1
10.1007/s10953-020-01011-0,106,9,1
10.1007/s10953-021-01084-5,107,5,1
10.1007/s10953-022-01209-4,108,14,1
10.1007/s10953-023-01353-5,109,72,1
10.1007/s10953-024-01370-y,110,27,1
10.1007/s10953-024-01416-1,111,15,1
10.1007/s10953-024-01426-z,112,104,1
10.1007/s10953-025-01427-6,113,10,1
10.1007/s10953-025-01434-7,10,9,2
10.1007/s10953-025-01453-4,114,108,1
10.1007/s10953-025-01487-8,115,21,1
10.1007/s10953-025-01490-z,116,108,1
10.1007/s10953-025-01498-5,117,18,1
10.1007/s10953-025-01533-5,118,12,1
10.1007/s11814-006-0026-y,119,25,1
10.1016/0021-9614(87)90139-X,0,104,4
10.1016/0021-9614(89)90151-1,120,69,1
10.1016/0021-9614(89)90161-4,121,126,1
10.1016/0021-9614(90)90201-z,122,70,1
10.1016/0378-3812(87)80014-6,123,58,1
10.1016/0378-3812(88)80043-8,124,7,1
10.1016/0378-3812(88)87022-5,125,72,1
10.1016/0378-3812(90)85008-X,126,115,1
10.1016/0378-3812(90)87015-H,127,64,1
10.1016/0378-3812(96)03000-2,128,30,1
10.1016/S0378-3812(97)00039-3,129,2,1
10.1016/j.cjche.2013.05.001,130,56,1
10.1016/j.cjche.2014.03.006,131,15,1
10.1016/j.cjche.2016.08.015,132,6,1
10.1016/j.cjche.2017.05.007,133,24,1
10.1016/j.cjche.2018.11.005,134,60,1
10.1016/j.cjche.2019.02.026,135,5,1
10.1016/j.cjche.2020.07.022,136,190,1
10.1016/j.cjche.2020.09.054,137,28,1
10.1016/j.cjche.2020.10.037,138,37,1
10.1016/j.cjche.2021.03.024,139,40,1
10.1016/j.cjche.2022.10.022,140,144,1
10.1016/j.cjche.2023.02.024,141,99,1
10.1016/j.fluid.2005.01.010,142,24,1
10.1016/j.fluid.2007.11.001,143,24,1
10.1016/j.fluid.2009.03.006,144,150,1
10.1016/j.fluid.2009.04.007,145,30,1
10.1016/j.fluid.2010.09.027,146,10,1
10.1016/j.fluid.2010.10.020,147,8,1
10.1016/j.fluid.2011.03.032,148,41,1
10.1016/j.fluid.2011.09.027,149,70,1
10.1016/j.fluid.2011.11.023,150,18,1
10.1016/j.fluid.2012.01.019,151,68,1
10.1016/j.fluid.2012.05.027,152,52,1
10.1016/j.fluid.2012.06.010,153,59,1
10.1016/j.fluid.2012.06.011,154,71,1
10.1016/j.fluid.2012.06.012,155,60,1
10.1016/j.fluid.2012.09.027,11,15,2
10.1016/j.fluid.2012.11.035,156,5,1
10.1016/j.fluid.2013.05.002,157,83,1
10.1016/j.fluid.2013.05.014,0,11,4
10.1016/j.fluid.2013.06.037,158,82,1
10.1016/j.fluid.2013.06.038,159,47,1
10.1016/j.fluid.2013.07.010,12,51,2
10.1016/j.fluid.2013.09.013,160,21,1
10.1016/j.fluid.2013.09.018,2,20,3
10.1016/j.fluid.2013.09.020,161,7,1
10.1016/j.fluid.2013.09.023,162,72,1
10.1016/j.fluid.2013.10.011,163,70,1
10.1016/j.fluid.2013.11.005,164,32,1
10.1016/j.fluid.2013.11.023,3,12,3
10.1016/j.fluid.2013.11.045,165,24,1
10.1016/j.fluid.2014.01.008,166,80,1
10.1016/j.fluid.2014.04.012,167,22,1
10.1016/j.fluid.2014.04.028,168,90,1
10.1016/j.fluid.2014.06.002,169,18,1
10.1016/j.fluid.2014.06.017,0,16,4
10.1016/j.fluid.2014.06.030,170,65,1
10.1016/j.fluid.2014.08.036,171,76,1
10.1016/j.fluid.2014.10.031,172,10,1
10.1016/j.fluid.2014.12.020,173,35,1
10.1016/j.fluid.2014.12.034,174,79,1
10.1016/j.fluid.2015.01.008,175,5,1
10.1016/j.fluid.2015.01.009,176,42,1
10.1016/j.fluid.2015.03.022,177,53,1
10.1016/j.fluid.2015.04.014,178,18,1
10.1016/j.fluid.2015.07.032,9,29,3
10.1016/j.fluid.2015.07.038,30,24,2
10.1016/j.fluid.2015.10.024,179,9,1
10.1016/j.fluid.2015.10.047,180,6,1
10.1016/j.fluid.2016.05.012,5,6,3
10.1016/j.fluid.2016.08.019,181,48,1
10.1016/j.fluid.2016.10.021,182,40,1
10.1016/j.fluid.2017.04.021,183,36,1
10.1016/j.fluid.2017.09.021,184,20,1
10.1016/j.fluid.2017.12.024,185,156,1
10.1016/j.fluid.2017.12.035,65,69,2
10.1016/j.fluid.2018.01.015,186,80,1
10.1016/j.fluid.2018.01.017,5,6,3
10.1016/j.fluid.2018.03.021,187,90,1
10.1016/j.fluid.2018.05.005,188,55,1
10.1016/j.fluid.2018.05.023,189,153,1
10.1016/j.fluid.2018.07.024,190,144,1
10.1016/j.fluid.2019.06.004,191,15,1
10.1016/j.fluid.2019.112301,192,108,1
10.1016/j.fluid.2020.112788,193,4,1
10.1016/j.fluid.2020.112883,13,80,2
10.1016/j.fluid.2020.112917,194,5,1
10.1016/j.fluid.2024.114036,195,99,1
10.1016/j.fluid.2024.114101,196,39,1
10.1016/j.fluid.2025.114355,197,56,1
10.1016/j.fluid.2025.114611,198,100,1
10.1016/j.fluid.2025.114643,199,70,1
10.1016/j.jct.2007.10.006,62,50,2
10.1016/j.jct.2008.01.019,200,9,1
10.1016/j.jct.2010.09.013,201,70,1
10.1016/j.jct.2010.12.007,202,30,1
10.1016/j.jct.2011.11.009,203,103,1
10.1016/j.jct.2011.11.023,204,42,1
10.1016/j.jct.2012.02.002,31,120,2
10.1016/j.jct.2012.06.005,3,99,3
10.1016/j.jct.2012.09.006,205,54,1
10.1016/j.jct.2012.11.021,206,60,1
10.1016/j.jct.2013.05.023,3,24,3
10.1016/j.jct.2013.07.015,207,15,1
10.1016/j.jct.2013.09.012,208,48,1
10.1016/j.jct.2013.09.027,209,130,1
10.1016/j.jct.2013.12.020,210,35,1
10.1016/j.jct.2014.04.011,32,54,2
10.1016/j.jct.2014.05.005,211,81,1
10.1016/j.jct.2014.05.009,212,288,1
10.1016/j.jct.2014.07.011,213,54,1
10.1016/j.jct.2014.08.012,214,24,1
10.1016/j.jct.2014.09.003,215,191,1
10.1016/j.jct.2015.02.004,216,72,1
10.1016/j.jct.2015.04.009,217,64,1
10.1016/j.jct.2015.04.014,34,10,2
10.1016/j.jct.2015.04.025,218,55,1
10.1016/j.jct.2015.04.037,219,14,1
10.1016/j.jct.2015.05.019,220,55,1
10.1016/j.jct.2015.05.026,221,44,1
10.1016/j.jct.2015.06.003,222,54,1
10.1016/j.jct.2015.07.010,223,132,1
10.1016/j.jct.2015.08.028,224,42,1
10.1016/j.jct.2015.09.010,225,45,1
10.1016/j.jct.2015.10.016,226,36,1
10.1016/j.jct.2015.10.024,227,150,1
10.1016/j.jct.2015.11.004,14,21,2
10.1016/j.jct.2015.11.005,228,96,1
10.1016/j.jct.2015.11.025,229,90,1
10.1016/j.jct.2015.12.004,230,9,1
10.1016/j.jct.2015.12.016,231,60,1
10.1016/j.jct.2015.12.022,232,7,1
10.1016/j.jct.2015.12.032,233,63,1
10.1016/j.jct.2016.01.003,234,150,1
10.1016/j.jct.2016.01.022,235,72,1
10.1016/j.jct.2016.01.023,236,78,1
10.1016/j.jct.2016.02.006,31,192,2
10.1016/j.jct.2016.02.020,237,63,1
10.1016/j.jct.2016.03.011,56,136,2
10.1016/j.jct.2016.03.037,238,24,1
10.1016/j.jct.2016.03.039,239,49,1
10.1016/j.jct.2016.04.018,240,150,1
10.1016/j.jct.2016.05.003,37,50,2
10.1016/j.jct.2016.05.005,241,30,1
10.1016/j.jct.2016.05.027,242,146,1
10.1016/j.jct.2016.06.032,243,16,1
10.1016/j.jct.2016.07.001,244,135,1
10.1016/j.jct.2016.07.009,245,153,1
10.1016/j.jct.2016.07.013,246,100,1
10.1016/j.jct.2016.07.014,247,45,1
10.1016/j.jct.2016.07.023,248,180,1
10.1016/j.jct.2016.07.049,249,42,1
10.1016/j.jct.2016.08.007,250,176,1
10.1016/j.jct.2016.08.017,251,135,1
10.1016/j.jct.2016.08.021,252,81,1
10.1016/j.jct.2016.08.023,253,68,1
10.1016/j.jct.2016.08.024,254,12,1
10.1016/j.jct.2016.08.034,255,70,1
10.1016/j.jct.2016.08.035,256,24,1
10.1016/j.jct.2016.09.011,257,40,1
10.1016/j.jct.2016.09.012,258,99,1
10.1016/j.jct.2016.09.015,259,88,1
10.1016/j.jct.2016.09.025,260,18,1
10.1016/j.jct.2016.09.033,261,148,1
10.1016/j.jct.2016.09.036,262,70,1
10.1016/j.jct.2016.09.038,263,153,1
10.1016/j.jct.2016.09.039,46,8,2
10.1016/j.jct.2016.10.006,264,165,1
10.1016/j.jct.2016.10.014,265,105,1
10.1016/j.jct.2016.10.018,266,60,1
10.1016/j.jct.2016.10.020,267,130,1
10.1016/j.jct.2016.10.022,268,14,1
10.1016/j.jct.2016.10.037,269,160,1
10.1016/j.jct.2016.10.040,270,145,1
10.1016/j.jct.2016.10.044,271,10,1
10.1016/j.jct.2016.10.046,272,48,1
10.1016/j.jct.2016.11.014,273,165,1
10.1016/j.jct.2016.11.017,274,192,1
10.1016/j.jct.2016.11.019,275,163,1
10.1016/j.jct.2016.11.029,276,135,1
10.1016/j.jct.2016.11.030,277,48,1
10.1016/j.jct.2016.11.032,278,135,1
10.1016/j.jct.2016.12.028,279,135,1
10.1016/j.jct.2016.12.034,280,14,1
10.1016/j.jct.2017.01.006,281,134,1
10.1016/j.jct.2017.02.008,282,214,1
10.1016/j.jct.2017.02.011,283,117,1
10.1016/j.jct.2017.02.017,284,134,1
10.1016/j.jct.2017.02.025,285,22,1
10.1016/j.jct.2017.04.014,286,89,1
10.1016/j.jct.2017.04.017,287,30,1
10.1016/j.jct.2017.04.019,288,191,1
10.1016/j.jct.2017.05.004,289,15,1
10.1016/j.jct.2017.05.005,290,45,1
10.1016/j.jct.2017.05.013,291,204,1
10.1016/j.jct.2017.05.041,292,18,1
10.1016/j.jct.2017.07.023,293,47,1
10.1016/j.jct.2017.07.027,294,44,1
10.1016/j.jct.2017.08.012,295,15,1
10.1016/j.jct.2018.02.002,296,37,1
10.1016/j.jct.2018.02.005,297,16,1
10.1016/j.jct.2018.03.010,298,38,1
10.1016/j.jct.2018.05.011,299,45,1
10.1016/j.jct.2018.05.030,300,42,1
10.1016/j.jct.2018.07.028,301,50,1
10.1016/j.jct.2018.08.001,15,45,2
10.1016/j.jct.2018.08.018,302,55,1
10.1016/j.jct.2018.09.008,303,44,1
10.1016/j.jct.2018.09.017,304,119,1
10.1016/j.jct.2018.11.021,305,48,1
10.1016/j.jct.2018.11.022,43,45,2
10.1016/j.jct.2018.12.035,16,45,2
10.1016/j.jct.2018.12.038,306,60,1
10.1016/j.jct.2018.12.045,307,48,1
10.1016/j.jct.2019.01.013,308,117,1
10.1016/j.jct.2019.01.015,309,50,1
10.1016/j.jct.2019.02.005,310,70,1
10.1016/j.jct.2019.02.016,311,35,1
10.1016/j.jct.2019.03.015,312,21,1
10.1016/j.jct.2019.03.021,313,27,1
10.1016/j.jct.2019.03.029,314,80,1
10.1016/j.jct.2019.05.014,315,10,1
10.1016/j.jct.2019.06.033,17,50,2
10.1016/j.jct.2019.07.001,316,45,1
10.1016/j.jct.2019.07.017,317,50,1
10.1016/j.jct.2019.07.018,33,78,2
10.1016/j.jct.2019.105905,318,70,1
10.1016/j.jct.2019.105952,319,28,1
10.1016/j.jct.2019.105967,18,128,2
10.1016/j.jct.2019.105969,320,54,1
10.1016/j.jct.2019.106010,321,55,1
10.1016/j.jct.2019.106014,322,45,1
10.1016/j.jct.2019.106016,323,47,1
10.1016/j.jct.2019.106023,324,50,1
10.1016/j.jct.2019.106031,325,45,1
10.1016/j.jct.2019.106044,326,47,1
10.1016/j.jct.2019.106045,40,45,2
10.1016/j.jct.2020.106066,327,33,1
10.1016/j.jct.2020.106090,328,54,1
10.1016/j.jct.2020.106116,19,83,2
10.1016/j.jct.2020.106126,329,54,1
10.1016/j.jct.2020.106128,330,45,1
10.1016/j.jct.2020.106137,331,27,1
10.1016/j.jct.2020.106138,332,10,1
10.1016/j.jct.2020.106167,333,8,1
10.1016/j.jct.2020.106190,334,9,1
10.1016/j.jct.2020.106191,335,128,1
10.1016/j.jct.2020.106199,336,20,1
10.1016/j.jct.2020.106200,337,45,1
10.1016/j.jct.2020.106208,338,45,1
10.1016/j.jct.2020.106229,339,46,1
10.1016/j.jct.2020.106231,340,117,1
10.1016/j.jct.2020.106234,341,120,1
10.1016/j.jct.2020.106239,342,127,1
10.1016/j.jct.2020.106250,343,60,1
10.1016/j.jct.2020.106253,344,45,1
10.1016/j.jct.2020.106255,345,48,1
10.1016/j.jct.2020.106259,346,144,1
10.1016/j.jct.2020.106272,347,108,1
10.1016/j.jct.2020.106273,348,45,1
10.1016/j.jct.2020.106280,349,135,1
10.1016/j.jct.2020.106285,350,10,1
10.1016/j.jct.2020.106301,351,57,1
10.1016/j.jct.2020.106315,352,38,1
10.1016/j.jct.2020.106323,42,130,2
10.1016/j.jct.2020.106328,353,146,1
10.1016/j.jct.2020.106332,354,15,1
10.1016/j.jct.2020.106343,355,27,1
10.1016/j.jct.2020.106344,356,36,1
10.1016/j.jct.2020.106345,357,36,1
10.1016/j.jct.2020.106364,19,8,2
10.1016/j.jct.2020.106372,358,30,1
10.1016/j.jct.2021.106398,359,120,1
10.1016/j.jct.2021.106451,360,180,1
10.1016/j.jct.2021.106478,361,108,1
10.1016/j.jct.2021.106493,362,120,1
10.1016/j.jct.2021.106512,363,10,1
10.1016/j.jct.2021.106517,364,45,1
10.1016/j.jct.2021.106553,365,28,1
10.1016/j.jct.2021.106555,366,27,1
10.1016/j.jct.2021.106569,20,120,2
10.1016/j.jct.2021.106589,367,150,1
10.1016/j.jct.2021.106605,368,108,1
10.1016/j.jct.2021.106611,369,49,1
10.1016/j.jct.2021.106616,370,45,1
10.1016/j.jct.2021.106624,371,130,1
10.1016/j.jct.2021.106625,372,108,1
10.1016/j.jct.2021.106670,373,45,1
10.1016/j.jct.2021.106686,374,36,1
10.1016/j.jct.2021.106694,375,100,1
10.1016/j.jct.2021.106712,376,70,1
10.1016/j.jct.2021.106714,20,30,2
10.1016/j.jct.2021.106720,377,48,1
10.1016/j.jct.2022.106727,4,45,3
10.1016/j.jct.2022.106748,378,39,1
10.1016/j.jct.2022.106767,379,140,1
10.1016/j.jct.2022.106777,380,25,1
10.1016/j.jct.2022.106792,381,50,1
10.1016/j.jct.2022.106794,382,90,1
10.1016/j.jct.2022.106819,383,117,1
10.1016/j.jct.2022.106854,384,36,1
10.1016/j.jct.2022.106875,385,72,1
10.1016/j.jct.2022.106926,386,45,1
10.1016/j.jct.2022.106928,387,40,1
10.1016/j.jct.2022.106934,388,120,1
10.1016/j.jct.2022.106947,389,134,1
10.1016/j.jct.2022.106948,390,55,1
10.1016/j.jct.2022.106969,391,108,1
10.1016/j.jct.2022.106981,21,50,2
10.1016/j.jct.2022.107002,392,40,1
10.1016/j.jct.2023.107019,393,64,1
10.1016/j.jct.2023.107052,394,30,1
10.1016/j.jct.2023.107054,395,40,1
10.1016/j.jct.2023.107055,396,50,1
10.1016/j.jct.2023.107064,397,79,1
10.1016/j.jct.2023.107066,398,36,1
10.1016/j.jct.2023.107084,399,62,1
10.1016/j.jct.2023.107088,400,48,1
10.1016/j.jct.2023.107090,50,48,2
10.1016/j.jct.2023.107097,401,24,1
10.1016/j.jct.2023.107109,402,100,1
10.1016/j.jct.2023.107115,403,30,1
10.1016/j.jct.2023.107138,404,40,1
10.1016/j.jct.2023.107153,405,50,1
10.1016/j.jct.2023.107162,406,96,1
10.1016/j.jct.2023.107182,407,118,1
10.1016/j.jct.2023.107195,408,54,1
10.1016/j.jct.2023.107202,409,108,1
10.1016/j.jct.2023.107206,32,63,2
10.1016/j.jct.2023.107209,410,90,1
10.1016/j.jct.2023.107229,411,109,1
10.1016/j.jct.2023.107231,33,39,2
10.1016/j.jct.2024.107261,412,44,1
10.1016/j.jct.2024.107276,413,27,1
10.1016/j.jct.2024.107312,414,27,1
10.1016/j.jct.2024.107314,415,45,1
10.1016/j.jct.2024.107324,416,106,1
10.1016/j.jct.2024.107343,417,104,1
10.1016/j.jct.2024.107349,418,45,1
10.1016/j.jct.2024.107350,419,107,1
10.1016/j.jct.2024.107365,22,120,2
10.1016/j.jct.2024.107366,52,40,2
10.1016/j.jct.2024.107407,420,45,1
10.1016/j.jct.2024.107409,421,72,1
10.1016/j.jct.2024.107410,422,15,1
10.1016/j.jct.2024.107414,423,36,1
10.1016/j.jct.2024.107426,424,34,1
10.1016/j.jct.2024.107427,425,45,1
10.1016/j.jct.2024.107430,426,48,1
10.1016/j.jct.2024.107434,427,20,1
10.1016/j.jct.2025.107455,428,16,1
10.1016/j.jct.2025.107468,429,100,1
10.1016/j.jct.2025.107487,430,141,1
10.1016/j.jct.2025.107513,431,117,1
10.1016/j.jct.2025.107551,432,97,1
10.1016/j.jct.2025.107562,433,108,1
10.1016/j.jct.2025.107579,434,160,1
10.1016/j.jct.2025.107601,435,115,1
10.1016/j.jct.2025.107618,436,140,1
10.1016/j.jics.2022.100427,437,70,1
10.1016/j.molliq.2004.06.001,438,26,1
10.1016/j.molliq.2008.07.011,439,6,1
10.1016/j.molliq.2010.06.004,440,45,1
10.1016/j.molliq.2011.01.004,441,25,1
10.1016/j.molliq.2011.12.014,442,18,1
10.1016/j.molliq.2012.05.020,443,10,1
10.1016/j.molliq.2012.11.001,444,10,1
10.1016/j.molliq.2012.12.027,445,24,1
10.1016/j.molliq.2012.12.028,446,2,1
10.1016/j.molliq.2012.12.035,60,18,2
10.1016/j.molliq.2013.02.005,447,18,1
10.1016/j.molliq.2013.06.011,7,10,3
10.1016/j.molliq.2013.07.014,448,48,1
10.1016/j.molliq.2013.07.015,449,12,1
10.1016/j.molliq.2013.08.013,450,7,1
10.1016/j.molliq.2013.09.013,451,6,1
10.1016/j.molliq.2013.10.012,452,5,1
10.1016/j.molliq.2013.11.026,453,8,1
10.1016/j.molliq.2013.11.029,454,60,1
10.1016/j.molliq.2013.12.044,455,22,1
10.1016/j.molliq.2014.02.039,456,15,1
10.1016/j.molliq.2014.06.006,457,2,1
10.1016/j.molliq.2014.06.010,458,16,1
10.1016/j.molliq.2014.10.010,459,10,1
10.1016/j.molliq.2014.11.008,460,16,1
10.1016/j.molliq.2014.12.034,461,4,1
10.1016/j.molliq.2014.12.039,462,16,1
10.1016/j.molliq.2015.01.045,463,156,1
10.1016/j.molliq.2015.01.047,2,4,3
10.1016/j.molliq.2015.03.038,8,5,3
10.1016/j.molliq.2015.05.024,464,91,1
10.1016/j.molliq.2015.05.035,35,45,2
10.1016/j.molliq.2015.06.016,34,10,2
10.1016/j.molliq.2015.07.007,465,16,1
10.1016/j.molliq.2015.07.013,466,5,1
10.1016/j.molliq.2015.10.057,53,5,2
10.1016/j.molliq.2015.12.052,467,66,1
10.1016/j.molliq.2016.01.061,468,18,1
10.1016/j.molliq.2016.02.002,469,170,1
10.1016/j.molliq.2016.02.065,36,5,2
10.1016/j.molliq.2016.03.021,470,35,1
10.1016/j.molliq.2016.03.058,35,5,2
10.1016/j.molliq.2016.04.068,36,40,2
10.1016/j.molliq.2016.04.095,471,6,1
10.1016/j.molliq.2016.04.121,23,50,2
10.1016/j.molliq.2016.05.015,37,10,2
10.1016/j.molliq.2016.05.056,472,10,1
10.1016/j.molliq.2016.06.062,473,136,1
10.1016/j.molliq.2016.07.007,6,50,3
10.1016/j.molliq.2016.07.063,474,24,1
10.1016/j.molliq.2016.07.129,475,44,1
10.1016/j.molliq.2016.08.074,476,245,1
10.1016/j.molliq.2016.10.047,38,55,2
10.1016/j.molliq.2016.10.098,477,55,1
10.1016/j.molliq.2016.10.110,478,72,1
10.1016/j.molliq.2016.11.009,6,5,3
10.1016/j.molliq.2016.12.067,38,5,2
10.1016/j.molliq.2016.12.105,479,50,1
10.1016/j.molliq.2017.01.077,39,10,2
10.1016/j.molliq.2017.02.084,480,163,1
10.1016/j.molliq.2017.03.057,481,55,1
10.1016/j.molliq.2017.03.108,482,32,1
10.1016/j.molliq.2017.03.119,483,15,1
10.1016/j.molliq.2017.04.014,484,55,1
10.1016/j.molliq.2017.04.049,485,16,1
10.1016/j.molliq.2017.04.081,486,48,1
10.1016/j.molliq.2017.04.082,487,202,1
10.1016/j.molliq.2017.04.083,488,41,1
10.1016/j.molliq.2017.04.122,489,56,1
10.1016/j.molliq.2017.05.018,490,49,1
10.1016/j.molliq.2017.05.032,39,50,2
10.1016/j.molliq.2017.05.046,491,60,1
10.1016/j.molliq.2017.05.076,492,160,1
10.1016/j.molliq.2017.05.105,493,50,1
10.1016/j.molliq.2017.05.118,494,71,1
10.1016/j.molliq.2017.05.124,495,90,1
10.1016/j.molliq.2017.06.037,496,108,1
10.1016/j.molliq.2017.06.043,44,10,2
10.1016/j.molliq.2017.06.080,497,10,1
10.1016/j.molliq.2017.06.099,498,48,1
10.1016/j.molliq.2017.06.110,499,68,1
10.1016/j.molliq.2017.07.011,500,5,1
10.1016/j.molliq.2017.07.071,501,40,1
10.1016/j.molliq.2017.07.095,502,5,1
10.1016/j.molliq.2017.07.125,55,32,2
10.1016/j.molliq.2017.08.005,503,41,1
10.1016/j.molliq.2017.08.030,504,80,1
10.1016/j.molliq.2017.08.054,505,104,1
10.1016/j.molliq.2017.08.116,506,72,1
10.1016/j.molliq.2017.09.084,507,81,1
10.1016/j.molliq.2017.11.028,508,45,1
10.1016/j.molliq.2017.11.159,509,149,1
10.1016/j.molliq.2017.11.167,510,55,1
10.1016/j.molliq.2017.12.113,511,72,1
10.1016/j.molliq.2018.01.033,512,5,1
10.1016/j.molliq.2018.01.155,513,55,1
10.1016/j.molliq.2018.02.046,514,81,1
10.1016/j.molliq.2018.02.068,515,10,1
10.1016/j.molliq.2018.03.121,57,108,2
10.1016/j.molliq.2018.04.009,516,32,1
10.1016/j.molliq.2018.07.019,517,15,1
10.1016/j.molliq.2018.07.061,518,90,1
10.1016/j.molliq.2018.07.082,519,15,1
10.1016/j.molliq.2018.09.076,17,90,2
10.1016/j.molliq.2018.09.114,520,80,1
10.1016/j.molliq.2018.10.068,521,50,1
10.1016/j.molliq.2018.10.104,522,50,1
10.1016/j.molliq.2018.10.109,523,18,1
10.1016/j.molliq.2018.10.158,524,71,1
10.1016/j.molliq.2018.11.123,525,72,1
10.1016/j.molliq.2018.12.081,526,392,1
10.1016/j.molliq.2019.01.082,527,10,1
10.1016/j.molliq.2019.01.120,528,10,1
10.1016/j.molliq.2019.02.023,529,108,1
10.1016/j.molliq.2019.02.038,530,5,1
10.1016/j.molliq.2019.02.104,531,12,1
10.1016/j.molliq.2019.03.069,532,10,1
10.1016/j.molliq.2019.03.079,533,4,1
10.1016/j.molliq.2019.03.128,534,35,1
10.1016/j.molliq.2019.04.049,535,4,1
10.1016/j.molliq.2019.110885,24,108,2
10.1016/j.molliq.2019.110894,536,18,1
10.1016/j.molliq.2019.110897,537,90,1
10.1016/j.molliq.2019.111041,40,55,2
10.1016/j.molliq.2019.111122,538,99,1
10.1016/j.molliq.2019.111219,1,16,4
10.1016/j.molliq.2019.111246,539,5,1
10.1016/j.molliq.2019.111264,540,176,1
10.1016/j.molliq.2019.111382,541,10,1
10.1016/j.molliq.2019.111396,542,137,1
10.1016/j.molliq.2019.111437,4,108,3
10.1016/j.molliq.2019.111507,2,18,3
10.1016/j.molliq.2019.111531,543,81,1
10.1016/j.molliq.2019.111541,544,48,1
10.1016/j.molliq.2019.111577,545,174,1
10.1016/j.molliq.2019.111622,546,55,1
10.1016/j.molliq.2019.111633,547,81,1
10.1016/j.molliq.2019.111716,548,10,1
10.1016/j.molliq.2019.111717,549,6,1
10.1016/j.molliq.2019.111755,18,10,2
10.1016/j.molliq.2019.111756,550,5,1
10.1016/j.molliq.2019.111784,551,56,1
10.1016/j.molliq.2019.111889,1,10,4
10.1016/j.molliq.2019.112015,552,90,1
10.1016/j.molliq.2019.112043,48,6,2
10.1016/j.molliq.2019.112101,553,14,1
10.1016/j.molliq.2019.112203,554,118,1
10.1016/j.molliq.2019.112211,555,45,1
10.1016/j.molliq.2019.112257,556,89,1
10.1016/j.molliq.2019.112259,557,5,1
10.1016/j.molliq.2019.112354,558,10,1
10.1016/j.molliq.2019.112365,559,99,1
10.1016/j.molliq.2019.112436,560,5,1
10.1016/j.molliq.2020.112465,561,10,1
10.1016/j.molliq.2020.112474,562,5,1
10.1016/j.molliq.2020.112476,563,56,1
10.1016/j.molliq.2020.112491,564,132,1
10.1016/j.molliq.2020.112504,565,4,1
10.1016/j.molliq.2020.112599,566,130,1
10.1016/j.molliq.2020.112636,567,7,1
10.1016/j.molliq.2020.112670,568,36,1
10.1016/j.molliq.2020.112714,41,10,2
10.1016/j.molliq.2020.112723,569,71,1
10.1016/j.molliq.2020.112774,570,5,1
10.1016/j.molliq.2020.112830,571,5,1
10.1016/j.molliq.2020.112952,572,100,1
10.1016/j.molliq.2020.113004,573,81,1
10.1016/j.molliq.2020.113148,574,15,1
10.1016/j.molliq.2020.113170,575,35,1
10.1016/j.molliq.2020.113264,576,65,1
10.1016/j.molliq.2020.113268,577,56,1
10.1016/j.molliq.2020.113294,578,165,1
10.1016/j.molliq.2020.113363,579,25,1
10.1016/j.molliq.2020.113370,580,76,1
10.1016/j.molliq.2020.113384,47,128,2
10.1016/j.molliq.2020.113425,581,153,1
10.1016/j.molliq.2020.113546,582,5,1
10.1016/j.molliq.2020.113779,583,116,1
10.1016/j.molliq.2020.113867,584,4,1
10.1016/j.molliq.2020.113895,585,108,1
10.1016/j.molliq.2020.113903,586,90,1
10.1016/j.molliq.2020.113945,587,79,1
10.1016/j.molliq.2020.114004,588,99,1
10.1016/j.molliq.2020.114035,589,81,1
10.1016/j.molliq.2020.114065,590,5,1
10.1016/j.molliq.2020.114130,591,22,1
10.1016/j.molliq.2020.114139,592,80,1
10.1016/j.molliq.2020.114259,593,32,1
10.1016/j.molliq.2020.114310,594,10,1
10.1016/j.molliq.2020.114342,13,30,2
10.1016/j.molliq.2020.114361,595,48,1
10.1016/j.molliq.2020.114444,596,10,1
10.1016/j.molliq.2020.114597,45,10,2
10.1016/j.molliq.2020.114662,597,20,1
10.1016/j.molliq.2020.114671,598,10,1
10.1016/j.molliq.2020.114677,599,108,1
10.1016/j.molliq.2020.114708,600,10,1
10.1016/j.molliq.2020.114715,601,118,1
10.1016/j.molliq.2020.114762,602,119,1
10.1016/j.molliq.2020.114763,41,10,2
10.1016/j.molliq.2020.114834,5,4,3
10.1016/j.molliq.2020.114979,603,18,1
10.1016/j.molliq.2020.115058,7,18,3
10.1016/j.molliq.2020.115095,604,10,1
10.1016/j.molliq.2020.115147,605,50,1
10.1016/j.molliq.2020.115180,606,89,1
10.1016/j.molliq.2020.115219,607,50,1
10.1016/j.molliq.2020.115222,608,14,1
10.1016/j.molliq.2020.115271,609,74,1
10.1016/j.molliq.2021.115287,610,10,1
10.1016/j.molliq.2021.115432,611,43,1
10.1016/j.molliq.2021.115462,612,87,1
10.1016/j.molliq.2021.115480,613,120,1
10.1016/j.molliq.2021.115515,614,8,1
10.1016/j.molliq.2021.115559,615,104,1
10.1016/j.molliq.2021.115658,616,36,1
10.1016/j.molliq.2021.115663,617,120,1
10.1016/j.molliq.2021.115669,618,80,1
10.1016/j.molliq.2021.115693,619,16,1
10.1016/j.molliq.2021.115700,620,20,1
10.1016/j.molliq.2021.115867,42,50,2
10.1016/j.molliq.2021.115894,621,116,1
10.1016/j.molliq.2021.115936,622,10,1
10.1016/j.molliq.2021.115987,623,14,1
10.1016/j.molliq.2021.116038,624,14,1
10.1016/j.molliq.2021.116060,625,5,1
10.1016/j.molliq.2021.116233,626,107,1
10.1016/j.molliq.2021.116330,627,9,1
10.1016/j.molliq.2021.116489,628,90,1
10.1016/j.molliq.2021.116519,629,5,1
10.1016/j.molliq.2021.116535,630,15,1
10.1016/j.molliq.2021.116603,631,120,1
10.1016/j.molliq.2021.116618,632,176,1
10.1016/j.molliq.2021.116624,633,40,1
10.1016/j.molliq.2021.116768,634,48,1
10.1016/j.molliq.2021.116781,635,45,1
10.1016/j.molliq.2021.116792,636,30,1
10.1016/j.molliq.2021.116795,43,120,2
10.1016/j.molliq.2021.116814,637,15,1
10.1016/j.molliq.2021.116821,638,126,1
10.1016/j.molliq.2021.116847,639,90,1
10.1016/j.molliq.2021.116992,640,140,1
10.1016/j.molliq.2021.117067,641,5,1
10.1016/j.molliq.2021.117169,642,126,1
10.1016/j.molliq.2021.117181,643,20,1
10.1016/j.molliq.2021.117316,644,110,1
10.1016/j.molliq.2021.117335,645,117,1
10.1016/j.molliq.2021.117350,646,5,1
10.1016/j.molliq.2021.117403,647,40,1
10.1016/j.molliq.2021.117489,648,50,1
10.1016/j.molliq.2021.117529,649,14,1
10.1016/j.molliq.2021.117546,650,120,1
10.1016/j.molliq.2021.117613,651,5,1
10.1016/j.molliq.2021.117965,652,107,1
10.1016/j.molliq.2021.118029,653,147,1
10.1016/j.molliq.2021.118055,654,42,1
10.1016/j.molliq.2021.118057,6,5,3
10.1016/j.molliq.2021.118148,655,70,1
10.1016/j.molliq.2021.118175,656,10,1
10.1016/j.molliq.2021.118184,657,99,1
10.1016/j.molliq.2021.118226,658,126,1
10.1016/j.molliq.2021.118352,659,25,1
10.1016/j.molliq.2021.118415,660,107,1
10.1016/j.molliq.2022.118637,661,36,1
10.1016/j.molliq.2022.118733,662,126,1
10.1016/j.molliq.2022.118798,663,130,1
10.1016/j.molliq.2022.118863,664,20,1
10.1016/j.molliq.2022.119017,665,100,1
10.1016/j.molliq.2022.119054,666,98,1
10.1016/j.molliq.2022.119059,667,126,1
10.1016/j.molliq.2022.119061,668,104,1
10.1016/j.molliq.2022.119064,669,30,1
10.1016/j.molliq.2022.119438,670,110,1
10.1016/j.molliq.2022.119503,671,113,1
10.1016/j.molliq.2022.119847,672,165,1
10.1016/j.molliq.2022.120359,673,36,1
10.1016/j.molliq.2022.120365,674,245,1
10.1016/j.molliq.2022.120473,675,84,1
10.1016/j.molliq.2022.120475,676,95,1
10.1016/j.molliq.2022.120476,677,98,1
10.1016/j.molliq.2022.120522,44,5,2
10.1016/j.molliq.2022.120567,678,32,1
10.1016/j.molliq.2022.120752,679,40,1
10.1016/j.molliq.2022.120860,680,20,1
10.1016/j.molliq.2022.121143,681,35,1
10.1016/j.molliq.2022.121185,45,15,2
10.1016/j.molliq.2023.121230,682,9,1
10.1016/j.molliq.2023.121460,683,78,1
10.1016/j.molliq.2023.121532,684,80,1
10.1016/j.molliq.2023.122208,685,108,1
10.1016/j.molliq.2023.122313,686,102,1
10.1016/j.molliq.2023.122710,54,54,2
10.1016/j.molliq.2023.122852,46,20,2
10.1016/j.molliq.2023.122857,687,95,1
10.1016/j.molliq.2023.123561,688,72,1
10.1016/j.molliq.2023.123775,689,110,1
10.1016/j.molliq.2024.124760,690,92,1
10.1016/j.molliq.2024.124774,691,120,1
10.1016/j.molliq.2024.125024,692,108,1
10.1016/j.molliq.2024.125085,693,60,1
10.1016/j.molliq.2024.125240,694,108,1
10.1016/j.molliq.2024.125377,695,20,1
10.1016/j.molliq.2024.125481,696,110,1
10.1016/j.molliq.2024.125614,697,96,1
10.1016/j.molliq.2024.125673,698,120,1
10.1016/j.molliq.2024.125848,699,96,1
10.1016/j.molliq.2024.125917,700,36,1
10.1016/j.molliq.2024.126083,10,81,2
10.1016/j.molliq.2024.126513,701,99,1
10.1016/j.molliq.2024.126543,702,59,1
10.1016/j.molliq.2025.127079,703,86,1
10.1016/j.molliq.2025.127443,704,99,1
10.1016/j.molliq.2025.127526,705,176,1
10.1016/j.molliq.2025.127552,22,30,2
10.1016/j.molliq.2025.127553,706,101,1
10.1016/j.molliq.2025.127610,707,144,1
10.1016/j.molliq.2025.127622,66,105,2
10.1016/j.molliq.2025.127748,25,75,2
10.1016/j.molliq.2025.127847,708,117,1
10.1016/j.molliq.2025.127855,709,96,1
10.1016/j.molliq.2025.127946,710,108,1
10.1016/j.molliq.2025.128182,711,143,1
10.1016/j.molliq.2025.128413,712,126,1
10.1016/j.molliq.2025.128422,713,117,1
10.1016/j.molliq.2025.128691,714,80,1
10.1016/j.molliq.2025.128865,715,108,1
10.1016/j.molliq.2025.128995,716,176,1
10.1016/j.molliq.2025.129085,717,60,1
10.1016/j.molliq.2026.129234,718,154,1
10.1016/j.scp.2022.100673,719,100,1
10.1016/j.tca.2012.03.007,720,88,1
10.1016/j.tca.2016.01.009,721,42,1
10.1016/j.tca.2016.07.020,722,30,1
10.1016/j.tca.2017.09.010,723,21,1
10.1016/j.tca.2017.12.007,15,50,2
10.1016/j.tca.2019.178431,51,10,2
10.1016/j.tca.2024.179791,724,108,1
10.1016/s1004-9541(06)60112-2,725,56,1
10.1016/s1004-9541(07)60011-1,726,73,1
10.1016/s1004-9541(07)60042-1,727,70,1
10.1016/s1004-9541(07)60061-5,728,94,1
10.1016/s1004-9541(07)60063-9,729,61,1
10.1016/s1004-9541(10)60271-6,730,89,1
10.1016/s1004-9541(14)60023-9,731,18,1
10.1016/s1004-9541(14)60061-6,732,14,1
10.1021/acs.jced.0c00009,733,60,1
10.1021/acs.jced.0c00025,734,144,1
10.1021/acs.jced.0c00031,735,60,1
10.1021/acs.jced.0c00040,736,48,1
10.1021/acs.jced.0c00041,58,20,2
10.1021/acs.jced.0c00047,23,16,2
10.1021/acs.jced.0c00122,737,134,1
10.1021/acs.jced.0c00127,738,108,1
10.1021/acs.jced.0c00128,739,90,1
10.1021/acs.jced.0c00165,740,108,1
10.1021/acs.jced.0c00166,49,116,2
10.1021/acs.jced.0c00167,741,143,1
10.1021/acs.jced.0c00182,742,130,1
10.1021/acs.jced.0c00201,743,110,1
10.1021/acs.jced.0c00249,744,105,1
10.1021/acs.jced.0c00254,745,105,1
10.1021/acs.jced.0c00267,26,45,2
10.1021/acs.jced.0c00290,746,70,1
10.1021/acs.jced.0c00301,747,103,1
10.1021/acs.jced.0c00303,748,101,1
10.1021/acs.jced.0c00320,749,139,1
10.1021/acs.jced.0c00332,750,60,1
10.1021/acs.jced.0c00353,751,60,1
10.1021/acs.jced.0c00370,752,50,1
10.1021/acs.jced.0c00371,753,50,1
10.1021/acs.jced.0c00376,754,154,1
10.1021/acs.jced.0c00393,755,50,1
10.1021/acs.jced.0c00394,756,50,1
10.1021/acs.jced.0c00443,757,89,1
10.1021/acs.jced.0c00468,758,198,1
10.1021/acs.jced.0c00479,759,10,1
10.1021/acs.jced.0c00506,760,105,1
10.1021/acs.jced.0c00543,761,129,1
10.1021/acs.jced.0c00558,762,62,1
10.1021/acs.jced.0c00569,47,48,2
10.1021/acs.jced.0c00578,763,139,1
10.1021/acs.jced.0c00584,764,108,1
10.1021/acs.jced.0c00616,765,90,1
10.1021/acs.jced.0c00631,21,50,2
10.1021/acs.jced.0c00632,766,50,1
10.1021/acs.jced.0c00633,767,40,1
10.1021/acs.jced.0c00655,768,129,1
10.1021/acs.jced.0c00724,769,108,1
10.1021/acs.jced.0c00752,770,58,1
10.1021/acs.jced.0c00776,771,107,1
10.1021/acs.jced.0c00794,48,167,2
10.1021/acs.jced.0c00803,772,120,1
10.1021/acs.jced.0c00828,773,54,1
10.1021/acs.jced.0c00900,774,108,1
10.1021/acs.jced.0c00908,775,76,1
10.1021/acs.jced.0c00961,776,100,1
10.1021/acs.jced.0c00965,12,27,2
10.1021/acs.jced.0c00983,777,129,1
10.1021/acs.jced.0c00996,778,45,1
10.1021/acs.jced.0c01032,779,108,1
10.1021/acs.jced.0c01067,780,44,1
10.1021/acs.jced.0c01073,781,54,1
10.1021/acs.jced.0c01078,782,108,1
10.1021/acs.jced.0c01081,783,108,1
10.1021/acs.jced.0c01088,784,153,1
10.1021/acs.jced.1c00032,785,80,1
10.1021/acs.jced.1c00035,786,81,1
10.1021/acs.jced.1c00037,787,147,1
10.1021/acs.jced.1c00040,788,135,1
10.1021/acs.jced.1c00047,789,90,1
10.1021/acs.jced.1c00050,790,55,1
10.1021/acs.jced.1c00062,791,140,1
10.1021/acs.jced.1c00064,792,80,1
10.1021/acs.jced.1c00071,793,46,1
10.1021/acs.jced.1c00080,794,45,1
10.1021/acs.jced.1c00082,795,128,1
10.1021/acs.jced.1c00092,796,63,1
10.1021/acs.jced.1c00109,797,108,1
10.1021/acs.jced.1c00153,798,116,1
10.1021/acs.jced.1c00163,799,59,1
10.1021/acs.jced.1c00200,800,98,1
10.1021/acs.jced.1c00201,801,70,1
10.1021/acs.jced.1c00206,802,90,1
10.1021/acs.jced.1c00232,27,100,2
10.1021/acs.jced.1c00240,803,55,1
10.1021/acs.jced.1c00247,804,107,1
10.1021/acs.jced.1c00254,805,193,1
10.1021/acs.jced.1c00259,806,128,1
10.1021/acs.jced.1c00267,807,50,1
10.1021/acs.jced.1c00276,808,50,1
10.1021/acs.jced.1c00279,809,108,1
10.1021/acs.jced.1c00288,810,50,1
10.1021/acs.jced.1c00302,811,87,1
10.1021/acs.jced.1c00340,49,36,2
10.1021/acs.jced.1c00345,812,79,1
10.1021/acs.jced.1c00357,813,50,1
10.1021/acs.jced.1c00373,814,66,1
10.1021/acs.jced.1c00385,815,75,1
10.1021/acs.jced.1c00408,816,99,1
10.1021/acs.jced.1c00430,817,50,1
10.1021/acs.jced.1c00466,818,126,1
10.1021/acs.jced.1c00468,819,128,1
10.1021/acs.jced.1c00482,820,50,1
10.1021/acs.jced.1c00504,821,54,1
10.1021/acs.jced.1c00505,822,40,1
10.1021/acs.jced.1c00515,823,50,1
10.1021/acs.jced.1c00517,824,50,1
10.1021/acs.jced.1c00537,825,50,1
10.1021/acs.jced.1c00548,826,27,1
10.1021/acs.jced.1c00550,827,108,1
10.1021/acs.jced.1c00559,828,108,1
10.1021/acs.jced.1c00570,829,106,1
10.1021/acs.jced.1c00596,830,72,1
10.1021/acs.jced.1c00597,831,108,1
10.1021/acs.jced.1c00598,832,108,1
10.1021/acs.jced.1c00627,833,107,1
10.1021/acs.jced.1c00672,834,117,1
10.1021/acs.jced.1c00704,835,158,1
10.1021/acs.jced.1c00711,836,50,1
10.1021/acs.jced.1c00717,837,147,1
10.1021/acs.jced.1c00729,838,45,1
10.1021/acs.jced.1c00750,839,107,1
10.1021/acs.jced.1c00823,840,60,1
10.1021/acs.jced.1c00860,841,71,1
10.1021/acs.jced.1c00957,842,126,1
10.1021/acs.jced.2c00012,843,102,1
10.1021/acs.jced.2c00038,844,128,1
10.1021/acs.jced.2c00044,845,124,1
10.1021/acs.jced.2c00072,846,100,1
10.1021/acs.jced.2c00106,847,115,1
10.1021/acs.jced.2c00108,848,108,1
10.1021/acs.jced.2c00133,849,108,1
10.1021/acs.jced.2c00147,850,117,1
10.1021/acs.jced.2c00162,851,103,1
10.1021/acs.jced.2c00163,852,99,1
10.1021/acs.jced.2c00175,853,114,1
10.1021/acs.jced.2c00178,854,13,1
10.1021/acs.jced.2c00210,855,115,1
10.1021/acs.jced.2c00228,856,36,1
10.1021/acs.jced.2c00238,857,119,1
10.1021/acs.jced.2c00255,858,100,1
10.1021/acs.jced.2c00287,859,110,1
10.1021/acs.jced.2c00318,860,98,1
10.1021/acs.jced.2c00352,861,45,1
10.1021/acs.jced.2c00366,862,117,1
10.1021/acs.jced.2c00369,863,117,1
10.1021/acs.jced.2c00399,50,118,2
10.1021/acs.jced.2c00426,864,45,1
10.1021/acs.jced.2c00454,865,40,1
10.1021/acs.jced.2c00482,866,117,1
10.1021/acs.jced.2c00485,867,100,1
10.1021/acs.jced.2c00493,868,89,1
10.1021/acs.jced.2c00507,869,122,1
10.1021/acs.jced.2c00531,870,59,1
10.1021/acs.jced.2c00604,871,100,1
10.1021/acs.jced.2c00619,872,60,1
10.1021/acs.jced.2c00655,873,100,1
10.1021/acs.jced.2c00680,51,144,2
10.1021/acs.jced.2c00717,874,84,1
10.1021/acs.jced.2c00730,875,38,1
10.1021/acs.jced.2c00734,876,126,1
10.1021/acs.jced.2c00738,877,108,1
10.1021/acs.jced.2c00763,878,54,1
10.1021/acs.jced.2c00765,879,126,1
10.1021/acs.jced.2c00769,880,92,1
10.1021/acs.jced.2c00794,881,100,1
10.1021/acs.jced.3c00010,882,30,1
10.1021/acs.jced.3c00024,24,36,2
10.1021/acs.jced.3c00039,883,60,1
10.1021/acs.jced.3c00050,884,100,1
10.1021/acs.jced.3c00112,885,80,1
10.1021/acs.jced.3c00129,886,150,1
10.1021/acs.jced.3c00149,887,104,1
10.1021/acs.jced.3c00195,888,120,1
10.1021/acs.jced.3c00198,889,80,1
10.1021/acs.jced.3c00201,890,108,1
10.1021/acs.jced.3c00234,891,81,1
10.1021/acs.jced.3c00237,892,234,1
10.1021/acs.jced.3c00251,893,9,1
10.1021/acs.jced.3c00268,894,80,1
10.1021/acs.jced.3c00287,895,108,1
10.1021/acs.jced.3c00302,896,108,1
10.1021/acs.jced.3c00330,52,99,2
10.1021/acs.jced.3c00349,897,77,1
10.1021/acs.jced.3c00364,898,126,1
10.1021/acs.jced.3c00414,899,18,1
10.1021/acs.jced.3c00424,900,99,1
10.1021/acs.jced.3c00462,901,140,1
10.1021/acs.jced.3c00463,902,108,1
10.1021/acs.jced.3c00478,903,126,1
10.1021/acs.jced.3c00526,904,90,1
10.1021/acs.jced.3c00536,905,108,1
10.1021/acs.jced.3c00606,906,117,1
10.1021/acs.jced.3c00667,907,140,1
10.1021/acs.jced.3c00674,908,74,1
10.1021/acs.jced.3c00682,909,59,1
10.1021/acs.jced.3c00700,910,80,1
10.1021/acs.jced.3c00738,911,80,1
10.1021/acs.jced.3c00771,912,99,1
10.1021/acs.jced.3c00776,913,117,1
10.1021/acs.jced.4c00012,914,89,1
10.1021/acs.jced.4c00023,915,117,1
10.1021/acs.jced.4c00070,916,108,1
10.1021/acs.jced.4c00102,917,9,1
10.1021/acs.jced.4c00135,918,108,1
10.1021/acs.jced.4c00140,28,45,2
10.1021/acs.jced.4c00180,919,108,1
10.1021/acs.jced.4c00192,920,108,1
10.1021/acs.jced.4c00215,921,108,1
10.1021/acs.jced.4c00217,922,108,1
10.1021/acs.jced.4c00239,923,60,1
10.1021/acs.jced.4c00274,924,108,1
10.1021/acs.jced.4c00282,925,108,1
10.1021/acs.jced.4c00300,926,134,1
10.1021/acs.jced.4c00333,927,99,1
10.1021/acs.jced.4c00384,928,108,1
10.1021/acs.jced.4c00419,929,126,1
10.1021/acs.jced.4c00440,930,126,1
10.1021/acs.jced.4c00445,931,105,1
10.1021/acs.jced.4c00446,932,61,1
10.1021/acs.jced.4c00450,933,171,1
10.1021/acs.jced.4c00455,934,108,1
10.1021/acs.jced.4c00466,935,120,1
10.1021/acs.jced.4c00506,936,90,1
10.1021/acs.jced.4c00528,937,120,1
10.1021/acs.jced.4c00533,938,57,1
10.1021/acs.jced.4c00536,939,116,1
10.1021/acs.jced.4c00564,940,135,1
10.1021/acs.jced.4c00567,941,140,1
10.1021/acs.jced.4c00597,942,100,1
10.1021/acs.jced.4c00642,943,108,1
10.1021/acs.jced.4c00673,944,187,1
10.1021/acs.jced.4c00697,945,108,1
10.1021/acs.jced.4c00718,946,80,1
10.1021/acs.jced.5b00007,947,75,1
10.1021/acs.jced.5b00033,948,25,1
10.1021/acs.jced.5b00075,949,24,1
10.1021/acs.jced.5b00092,950,11,1
10.1021/acs.jced.5b00098,951,72,1
10.1021/acs.jced.5b00122,952,54,1
10.1021/acs.jced.5b00135,953,94,1
10.1021/acs.jced.5b00190,954,96,1
10.1021/acs.jced.5b00377,955,42,1
10.1021/acs.jced.5b00382,53,45,2
10.1021/acs.jced.5b00526,956,120,1
10.1021/acs.jced.5b00565,957,30,1
10.1021/acs.jced.5b00607,958,133,1
10.1021/acs.jced.5b00616,959,35,1
10.1021/acs.jced.5b00619,960,56,1
10.1021/acs.jced.5b00714,961,135,1
10.1021/acs.jced.5b00736,962,7,1
10.1021/acs.jced.5b00746,963,128,1
10.1021/acs.jced.5b00758,964,66,1
10.1021/acs.jced.5b00823,965,33,1
10.1021/acs.jced.5b00857,966,42,1
10.1021/acs.jced.5b00870,967,34,1
10.1021/acs.jced.5b00994,968,51,1
10.1021/acs.jced.5b01053,969,135,1
10.1021/acs.jced.5c00011,970,89,1
10.1021/acs.jced.5c00034,14,108,2
10.1021/acs.jced.5c00042,971,144,1
10.1021/acs.jced.5c00054,972,108,1
10.1021/acs.jced.5c00074,973,108,1
10.1021/acs.jced.5c00080,974,77,1
10.1021/acs.jced.5c00091,975,107,1
10.1021/acs.jced.5c00093,976,108,1
10.1021/acs.jced.5c00094,977,90,1
10.1021/acs.jced.5c00102,978,120,1
10.1021/acs.jced.5c00115,979,171,1
10.1021/acs.jced.5c00208,980,144,1
10.1021/acs.jced.5c00243,981,102,1
10.1021/acs.jced.5c00344,982,118,1
10.1021/acs.jced.5c00358,983,128,1
10.1021/acs.jced.5c00370,984,176,1
10.1021/acs.jced.5c00394,985,81,1
10.1021/acs.jced.5c00424,986,126,1
10.1021/acs.jced.5c00434,987,103,1
10.1021/acs.jced.5c00440,988,107,1
10.1021/acs.jced.5c00462,989,143,1
10.1021/acs.jced.5c00494,990,176,1
10.1021/acs.jced.5c00498,991,72,1
10.1021/acs.jced.5c00592,992,108,1
10.1021/acs.jced.5c00602,993,105,1
10.1021/acs.jced.5c00692,994,104,1
10.1021/acs.jced.6b00008,995,10,1
10.1021/acs.jced.6b00037,996,78,1
10.1021/acs.jced.6b00163,997,40,1
10.1021/acs.jced.6b00177,29,24,2
10.1021/acs.jced.6b00219,998,54,1
10.1021/acs.jced.6b00230,999,189,1
10.1021/acs.jced.6b00268,1000,13,1
10.1021/acs.jced.6b00349,1001,120,1
10.1021/acs.jced.6b00361,54,81,2
10.1021/acs.jced.6b00415,1002,108,1
10.1021/acs.jced.6b00543,1003,10,1
10.1021/acs.jced.6b00617,1004,99,1
10.1021/acs.jced.6b00630,1005,30,1
10.1021/acs.jced.6b00646,1006,60,1
10.1021/acs.jced.6b00664,1007,44,1
10.1021/acs.jced.6b00721,1008,90,1
10.1021/acs.jced.6b00761,1009,107,1
10.1021/acs.jced.6b00816,1010,114,1
10.1021/acs.jced.6b00911,1011,90,1
10.1021/acs.jced.6b00929,1012,70,1
10.1021/acs.jced.6b00957,1013,36,1
10.1021/acs.jced.6b00965,1014,81,1
10.1021/acs.jced.6b00972,1015,36,1
10.1021/acs.jced.7b00065,1016,90,1
10.1021/acs.jced.7b00118,1017,53,1
10.1021/acs.jced.7b00238,55,54,2
10.1021/acs.jced.7b00245,59,7,2
10.1021/acs.jced.7b00288,1018,30,1
10.1021/acs.jced.7b00301,1019,112,1
10.1021/acs.jced.7b00316,1020,236,1
10.1021/acs.jced.7b00333,1021,72,1
10.1021/acs.jced.7b00468,29,40,2
10.1021/acs.jced.7b00489,1022,33,1
10.1021/acs.jced.7b00538,1023,52,1
10.1021/acs.jced.7b00542,1024,115,1
10.1021/acs.jced.7b00585,1025,138,1
10.1021/acs.jced.7b00615,1026,104,1
10.1021/acs.jced.7b00641,1027,80,1
10.1021/acs.jced.7b00665,1028,119,1
10.1021/acs.jced.7b00669,1029,63,1
10.1021/acs.jced.7b00695,1030,96,1
10.1021/acs.jced.7b00709,25,3,2
10.1021/acs.jced.7b00714,1031,112,1
10.1021/acs.jced.7b00743,1032,106,1
10.1021/acs.jced.7b00851,1033,72,1
10.1021/acs.jced.7b00927,1034,84,1
10.1021/acs.jced.7b00948,1035,9,1
10.1021/acs.jced.7b00982,1036,54,1
10.1021/acs.jced.7b01011,1037,108,1
10.1021/acs.jced.7b01112,1038,28,1
10.1021/acs.jced.7b01134,1039,81,1
10.1021/acs.jced.8b00023,1040,70,1
10.1021/acs.jced.8b00025,1041,60,1
10.1021/acs.jced.8b00043,1042,72,1
10.1021/acs.jced.8b00091,1043,9,1
10.1021/acs.jced.8b00124,1044,63,1
10.1021/acs.jced.8b00139,56,148,2
10.1021/acs.jced.8b00165,27,77,2
10.1021/acs.jced.8b00192,1045,160,1
10.1021/acs.jced.8b00196,1046,106,1
10.1021/acs.jced.8b00271,1047,54,1
10.1021/acs.jced.8b00292,1048,87,1
10.1021/acs.jced.8b00333,1049,60,1
10.1021/acs.jced.8b00361,1050,25,1
10.1021/acs.jced.8b00416,1051,70,1
10.1021/acs.jced.8b00425,1052,108,1
10.1021/acs.jced.8b00430,1053,178,1
10.1021/acs.jced.8b00496,1054,36,1
10.1021/acs.jced.8b00536,1055,81,1
10.1021/acs.jced.8b00555,1056,45,1
10.1021/acs.jced.8b00560,1057,90,1
10.1021/acs.jced.8b00566,1058,24,1
10.1021/acs.jced.8b00578,1059,88,1
10.1021/acs.jced.8b00632,1060,59,1
10.1021/acs.jced.8b00663,1061,81,1
10.1021/acs.jced.8b00717,1062,99,1
10.1021/acs.jced.8b00719,1063,45,1
10.1021/acs.jced.8b00720,1064,89,1
10.1021/acs.jced.8b00732,1065,46,1
10.1021/acs.jced.8b00785,1066,72,1
10.1021/acs.jced.8b00811,1067,185,1
10.1021/acs.jced.8b00863,1068,108,1
10.1021/acs.jced.8b00888,1069,81,1
10.1021/acs.jced.8b00902,1070,117,1
10.1021/acs.jced.8b00931,1071,105,1
10.1021/acs.jced.8b00954,1072,54,1
10.1021/acs.jced.8b00988,1073,45,1
10.1021/acs.jced.8b00989,1074,27,1
10.1021/acs.jced.8b01001,1075,4,1
10.1021/acs.jced.8b01014,1076,138,1
10.1021/acs.jced.8b01051,1077,88,1
10.1021/acs.jced.8b01062,1078,80,1
10.1021/acs.jced.8b01080,1079,81,1
10.1021/acs.jced.8b01099,1080,120,1
10.1021/acs.jced.8b01101,1081,105,1
10.1021/acs.jced.8b01126,1082,129,1
10.1021/acs.jced.8b01144,1083,108,1
10.1021/acs.jced.8b01181,1084,105,1
10.1021/acs.jced.8b01186,1085,45,1
10.1021/acs.jced.8b01205,28,134,2
10.1021/acs.jced.8b01209,1086,54,1
10.1021/acs.jced.8b01214,1087,108,1
10.1021/acs.jced.8b01226,1088,105,1
10.1021/acs.jced.8b01250,1089,120,1
10.1021/acs.jced.8b01256,1090,88,1
10.1021/acs.jced.8b01262,1091,45,1
10.1021/acs.jced.8b01265,1092,115,1
10.1021/acs.jced.9b00004,1093,18,1
10.1021/acs.jced.9b00011,1094,149,1
10.1021/acs.jced.9b00045,1095,119,1
10.1021/acs.jced.9b00047,1096,85,1
10.1021/acs.jced.9b00065,1097,118,1
10.1021/acs.jced.9b00097,1098,45,1
10.1021/acs.jced.9b00190,1099,108,1
10.1021/acs.jced.9b00201,1100,36,1
10.1021/acs.jced.9b00216,57,14,2
10.1021/acs.jced.9b00220,1101,90,1
10.1021/acs.jced.9b00229,1102,49,1
10.1021/acs.jced.9b00232,1103,105,1
10.1021/acs.jced.9b00243,1104,185,1
10.1021/acs.jced.9b00258,1105,128,1
10.1021/acs.jced.9b00286,1106,96,1
10.1021/acs.jced.9b00294,1107,112,1
10.1021/acs.jced.9b00308,1108,112,1
10.1021/acs.jced.9b00310,4,36,3
10.1021/acs.jced.9b00320,1109,118,1
10.1021/acs.jced.9b00331,16,40,2
10.1021/acs.jced.9b00350,1110,165,1
10.1021/acs.jced.9b00353,1111,90,1
10.1021/acs.jced.9b00360,1112,174,1
10.1021/acs.jced.9b00362,1113,174,1
10.1021/acs.jced.9b00381,1114,129,1
10.1021/acs.jced.9b00385,1115,107,1
10.1021/acs.jced.9b00390,1116,62,1
10.1021/acs.jced.9b00406,1117,105,1
10.1021/acs.jced.9b00411,1118,108,1
10.1021/acs.jced.9b00428,1119,60,1
10.1021/acs.jced.9b00432,1120,48,1
10.1021/acs.jced.9b00445,1121,174,1
10.1021/acs.jced.9b00458,1122,107,1
10.1021/acs.jced.9b00460,1123,95,1
10.1021/acs.jced.9b00471,1124,40,1
10.1021/acs.jced.9b00490,1125,108,1
10.1021/acs.jced.9b00497,1126,130,1
10.1021/acs.jced.9b00543,1127,36,1
10.1021/acs.jced.9b00560,1128,137,1
10.1021/acs.jced.9b00562,1129,96,1
10.1021/acs.jced.9b00564,1130,90,1
10.1021/acs.jced.9b00593,1131,108,1
10.1021/acs.jced.9b00658,1132,153,1
10.1021/acs.jced.9b00659,1133,117,1
10.1021/acs.jced.9b00661,1134,94,1
10.1021/acs.jced.9b00693,1135,106,1
10.1021/acs.jced.9b00696,1136,110,1
10.1021/acs.jced.9b00703,1137,108,1
10.1021/acs.jced.9b00710,1138,150,1
10.1021/acs.jced.9b00735,1139,48,1
10.1021/acs.jced.9b00743,1140,60,1
10.1021/acs.jced.9b00778,1141,116,1
10.1021/acs.jced.9b00802,1142,25,1
10.1021/acs.jced.9b00817,1143,104,1
10.1021/acs.jced.9b00842,1144,215,1
10.1021/acs.jced.9b00844,1145,135,1
10.1021/acs.jced.9b00873,1146,50,1
10.1021/acs.jced.9b00881,1147,45,1
10.1021/acs.jced.9b00911,1148,96,1
10.1021/acs.jced.9b00919,1149,118,1
10.1021/acs.jced.9b00961,1150,19,1
10.1021/acs.jced.9b00991,58,105,2
10.1021/acs.jced.9b01004,1151,154,1
10.1021/acs.jced.9b01007,1152,87,1
10.1021/acs.jced.9b01020,1153,108,1
10.1021/acs.jced.9b01028,1154,181,1
10.1021/acs.jced.9b01036,1155,80,1
10.1021/acs.jced.9b01057,9,36,3
10.1021/acs.jced.9b01063,1156,108,1
10.1021/acs.jced.9b01068,1157,110,1
10.1021/acs.jced.9b01139,1158,42,1
10.1021/acs.jced.9b01151,1159,108,1
10.1021/acs.jced.9b01164,1160,107,1
10.1021/acs.jced.9b01180,1161,48,1
10.1021/acs.jced.9b01190,1162,129,1
10.1021/acs.jced.9b01192,1163,147,1
10.1021/je000316m,1164,1,1
10.1021/je010147l,1165,2,1
10.1021/je010263o,1166,60,1
10.1021/je030165y,1167,2,1
10.1021/je0495583,1168,2,1
10.1021/je050201o,1169,23,1
10.1021/je060300h,63,60,2
10.1021/je060329l,1170,62,1
10.1021/je0603426,1171,6,1
10.1021/je060348v,61,77,2
10.1021/je060350m,59,35,2
10.1021/je0603630,1172,31,1
10.1021/je060376d,1173,6,1
10.1021/je060380p,1174,4,1
10.1021/je0603978,7,48,3
10.1021/je060452c,1175,98,1
10.1021/je060454x,1176,57,1
10.1021/je0604737,1177,95,1
10.1021/je100030j,1178,65,1
10.1021/je100048g,1179,23,1
10.1021/je1000928,1180,63,1
10.1021/je100116u,1181,54,1
10.1021/je100125x,1182,108,1
10.1021/je1002016,1183,63,1
10.1021/je100227k,1184,36,1
10.1021/je100255z,1185,71,1
10.1021/je100316k,1186,25,1
10.1021/je100341q,1187,568,1
10.1021/je100352r,1188,104,1
10.1021/je100397q,1189,32,1
10.1021/je100626x,1190,55,1
10.1021/je1006289,1191,26,1
10.1021/je100675r,1192,33,1
10.1021/je100819f,1193,94,1
10.1021/je1008284,1194,30,1
10.1021/je100890f,1195,30,1
10.1021/je100964a,1196,72,1
10.1021/je1009812,1197,339,1
10.1021/je1010054,1198,96,1
10.1021/je101020m,11,70,2
10.1021/je101072d,1199,108,1
10.1021/je1011136,1200,55,1
10.1021/je1011423,1201,67,1
10.1021/je101165m,1202,35,1
10.1021/je101167z,1203,95,1
10.1021/je101168w,1204,60,1
10.1021/je101201w,1205,46,1
10.1021/je101208p,1206,47,1
10.1021/je101272u,1207,12,1
10.1021/je1012839,1208,72,1
10.1021/je101309a,1209,52,1
10.1021/je101319f,1210,72,1
10.1021/je1013262,1211,48,1
10.1021/je101351w,1212,25,1
10.1021/je2000292,1213,35,1
10.1021/je200074c,1214,70,1
10.1021/je2001649,1215,14,1
10.1021/je200252c,1216,74,1
10.1021/je200531k,1217,65,1
10.1021/je2011659,1218,30,1
10.1021/je201282d,1219,132,1
10.1021/je3001188,1220,75,1
10.1021/je300143a,1221,55,1
10.1021/je3001816,1222,91,1
10.1021/je300343y,1223,63,1
10.1021/je300401c,1224,36,1
10.1021/je300517q,1225,77,1
10.1021/je300647k,1226,32,1
10.1021/je300980k,1227,19,1
10.1021/je3009842,1228,40,1
10.1021/je301014d,1229,70,1
10.1021/je301029j,1230,49,1
10.1021/je301237t,1231,40,1
10.1021/je301243f,1232,22,1
10.1021/je400029t,1233,89,1
10.1021/je400053q,1234,31,1
10.1021/je4000982,1235,38,1
10.1021/je4001334,1236,60,1
10.1021/je400188h,1237,87,1
10.1021/je400218d,1238,38,1
10.1021/je400246s,1239,76,1
10.1021/je400259a,1240,24,1
10.1021/je4003114,1241,85,1
10.1021/je400326r,1242,30,1
10.1021/je400412z,1243,79,1
10.1021/je400507u,1244,22,1
10.1021/je4005992,1245,30,1
10.1021/je400639m,1246,34,1
10.1021/je400714f,1247,57,1
10.1021/je400754e,1248,10,1
10.1021/je400813d,1249,129,1
10.1021/je4008525,1250,16,1
10.1021/je400965y,1251,19,1
10.1021/je4009816,1252,66,1
10.1021/je4010257,1253,42,1
10.1021/je401044h,1254,176,1
10.1021/je401053y,1255,9,1
10.1021/je4010905,60,108,2
10.1021/je4011097,1256,25,1
10.1021/je500012b,1257,58,1
10.1021/je500035r,1258,29,1
10.1021/je500038u,1259,54,1
10.1021/je5000428,1260,14,1
10.1021/je500078n,1261,50,1
10.1021/je5001654,1262,14,1
10.1021/je500206w,1263,25,1
10.1021/je5002158,1264,35,1
10.1021/je500222s,1265,88,1
10.1021/je5002522,1266,10,1
10.1021/je500259m,1267,36,1
10.1021/je500267w,1268,47,1
10.1021/je500286x,1269,55,1
10.1021/je500368p,1270,5,1
10.1021/je5003708,1271,35,1
10.1021/je500392g,1272,20,1
10.1021/je500396b,8,70,3
10.1021/je500437m,1273,66,1
10.1021/je500457p,1274,20,1
10.1021/je500494d,1275,33,1
10.1021/je5005033,1276,7,1
10.1021/je500519y,1277,24,1
10.1021/je500620m,1278,10,1
10.1021/je500678z,1279,6,1
10.1021/je500744k,1280,22,1
10.1021/je500787x,1281,48,1
10.1021/je5007949,1282,23,1
10.1021/je500806u,1283,77,1
10.1021/je500867u,1284,75,1
10.1021/je500893g,1285,35,1
10.1021/je500918t,1286,101,1
10.1021/je500996n,1287,28,1
10.1021/je501002a,1288,4,1
10.1021/je5010033,26,36,2
10.1021/je501004g,1289,90,1
10.1021/je501011t,1290,53,1
10.1021/je501036r,8,40,3
10.1021/je501045s,1291,48,1
10.1021/je501049c,1292,62,1
10.1021/je5010627,1293,53,1
10.1021/je501111d,1294,57,1
10.1021/je501140p,1295,21,1
10.1021/je501173n,1296,132,1
10.1021/je6005482,1297,32,1
10.1021/je600579s,1298,8,1
10.1021/je7000396,1299,27,1
10.1021/je700050r,1300,45,1
10.1021/je700069g,1301,56,1
10.1021/je700122y,1302,26,1
10.1021/je700131z,61,14,2
10.1021/je700179q,64,41,2
10.1021/je700200b,1303,66,1
10.1021/je700209v,1304,88,1
10.1021/je700216w,1305,28,1
10.1021/je700221w,1306,112,1
10.1021/je7002463,1307,15,1
10.1021/je7002594,1308,22,1
10.1021/je700284r,1309,7,1
10.1021/je700296x,1310,48,1
10.1021/je700304z,1311,8,1
10.1021/je700347h,1312,40,1
10.1021/je7003885,1313,60,1
10.1021/je7004038,1314,105,1
10.1021/je700404u,1315,47,1
10.1021/je7004177,1316,10,1
10.1021/je700426k,1317,90,1
10.1021/je700452m,1318,6,1
10.1021/je700497h,1319,95,1
10.1021/je7005314,1320,11,1
10.1021/je7005693,9,39,3
10.1021/je700635r,1321,14,1
10.1021/je7006567,1322,77,1
10.1021/je700664g,1323,6,1
10.1021/je700677d,1324,91,1
10.1021/je7007044,1325,41,1
10.1021/je7007457,1326,47,1
10.1021/je800029c,1327,7,1
10.1021/je800049b,1328,85,1
10.1021/je800056h,1329,56,1
10.1021/je800063d,1330,10,1
10.1021/je800120p,1331,100,1
10.1021/je800156m,1332,20,1
10.1021/je800174u,1333,18,1
10.1021/je800205e,1334,24,1
10.1021/je8002578,1335,10,1
10.1021/je800291t,1336,24,1
10.1021/je8003244,1337,86,1
10.1021/je800352u,1338,14,1
10.1021/je800405b,1339,71,1
10.1021/je800410b,62,15,2
10.1021/je800426w,1340,25,1
10.1021/je800428r,1341,71,1
10.1021/je800475d,1342,5,1
10.1021/je800515w,1343,63,1
10.1021/je800520w,1344,55,1
10.1021/je8005419,1345,62,1
10.1021/je800549f,1346,20,1
10.1021/je800569v,1347,72,1
10.1021/je8005979,1348,70,1
10.1021/je800611r,63,6,2
10.1021/je800628a,1349,87,1
10.1021/je800662m,1350,30,1
10.1021/je800668j,1351,42,1
10.1021/je800676s,64,54,2
10.1021/je8006869,1352,45,1
10.1021/je8006887,1353,38,1
10.1021/je8007099,1354,39,1
10.1021/je800739y,1355,94,1
10.1021/je800742d,1356,27,1
10.1021/je800768x,1357,48,1
10.1021/je8007815,1358,48,1
10.1021/je800790g,1359,4,1
10.1021/je800796h,1360,44,1
10.1021/je800801x,1361,35,1
10.1021/je8008039,1362,50,1
10.1021/je800816f,1363,12,1
10.1021/je800824h,1364,56,1
10.1021/je800841v,1365,14,1
10.1021/je800842z,1366,22,1
10.1021/je800867a,1,46,4
10.1021/je800869g,1367,76,1
10.1021/je800945e,1368,16,1
10.1021/je800946x,1369,31,1
10.1021/je800991v,1370,24,1
10.1021/je900021g,0,58,4
10.1021/je900038m,1371,45,1
10.1021/je9000729,1372,18,1
10.1021/je900159a,1373,8,1
10.1021/je9001637,1374,58,1
10.1021/je900177h,1375,84,1
10.1021/je900190n,1376,25,1
10.1021/je9001976,1377,66,1
10.1021/je900235s,65,24,2
10.1021/je900277m,1378,56,1
10.1021/je900292r,1379,7,1
10.1021/je900326e,1380,38,1
10.1021/je900330p,1381,3,1
10.1021/je900346t,1382,36,1
10.1021/je900367v,1383,34,1
10.1021/je900370q,1384,100,1
10.1021/je900381r,1385,12,1
10.1021/je900401z,1386,48,1
10.1021/je9004189,1387,43,1
10.1021/je9004382,1388,60,1
10.1021/je900462z,1389,31,1
10.1021/je9005097,1390,7,1
10.1021/je900540d,1391,36,1
10.1021/je900543q,66,25,2
10.1021/je9005689,1392,71,1
10.1021/je900587b,1393,86,1
10.1021/je900609f,1394,77,1
10.1021/je900629v,1395,53,1
10.1021/je900646u,1396,44,1
10.1021/je900730w,1397,60,1
10.1021/je900742p,1398,36,1
10.1021/je9007475,1399,34,1
10.1021/je900784v,1400,42,1
10.1021/je9008427,1401,44,1
10.1021/je9009877,1402,16,1
10.1021/je9009909,1403,56,1
10.1021/je901006c,1404,7,1
10.1021/je901024t,1405,60,1
10.1021/je9010757,1406,30,1
10.1023/a:1012723731104,1,64,4
10.1023/a:1015853220711,1407,19,1
10.1023/a:1021825509697,1408,16,1
10.1023/a:1025313916280,1409,13,1
10.1023/b:josl.0000023923.12017.a8,1410,31,1
10.1080/00319104.2012.673166,1411,33,1
10.1080/00319104.2018.1506921,1412,35,1
10.1134/s0036024420130130,1413,88,1
10.3390/molecules28196877,1414,28,1
