Solute_Canon,Solvent_Canon,n_groups_total,n_groups_usable,n_group_pairs,pair_MAE,pair_MAE_max,any_hos
C#C[C@]1(O)CC[C@H]2[C@@H]3CCC4=CC(=O)CC[C@@H]4[C@H]3C(=C)C[C@@]21CC,CC(C)O,2,2,1,0.026051329439848152,0.026051329439848152,False
C#C[C@]1(O)CC[C@H]2[C@@H]3CCC4=CC(=O)CC[C@@H]4[C@H]3C(=C)C[C@@]21CC,CCCO,2,2,1,0.017554429789499323,0.017554429789499323,False
C#C[C@]1(O)CC[C@H]2[C@@H]3CCC4=CC(=O)CC[C@@H]4[C@H]3C(=C)C[C@@]21CC,CN(C)C=O,2,2,1,0.019337648877919788,0.019337648877919788,False
C#C[C@]1(O)CC[C@H]2[C@@H]3CCC4=CC(=O)CC[C@@H]4[C@H]3C(=C)C[C@@]21CC,O,2,2,1,0.016495048367218313,0.016495048367218313,False
C=C(C)[C@@H]1CC[C@]2(CO)CC[C@]3(C)[C@H](CC[C@@H]4[C@@]5(C)CC[C@H](O)C(C)(C)[C@@H]5CC[C@]43C)[C@@H]12,CC(C)=O,2,2,1,0.047888115393450184,0.047888115393450184,False
C=C(C)[C@@H]1CC[C@]2(CO)CC[C@]3(C)[C@H](CC[C@@H]4[C@@]5(C)CC[C@H](O)C(C)(C)[C@@H]5CC[C@]43C)[C@@H]12,CCCCCO,2,2,1,0.16902815822958805,0.16902815822958805,False
C=C(C)[C@@H]1CC[C@]2(CO)CC[C@]3(C)[C@H](CC[C@@H]4[C@@]5(C)CC[C@H](O)C(C)(C)[C@@H]5CC[C@]43C)[C@@H]12,CCO,2,2,1,0.11575087887880134,0.11575087887880134,False
C=C1CC[C@H](O)C/C1=C/C=C1\CCC[C@]2(C)[C@@H]([C@H](C)CCCC(C)C)CC[C@@H]12,O,2,2,1,0.010658561743492957,0.010658561743492957,False
CC(=O)CCc1ccc(O)cc1,CC(C)=O,2,2,1,0.004799255354198536,0.004799255354198536,False
CC(=O)CCc1ccc(O)cc1,CCCCO,2,2,1,0.1339981816937916,0.1339981816937916,False
CC(=O)CCc1ccc(O)cc1,CCCO,2,2,1,0.010363725227419098,0.010363725227419098,False
CC(=O)CCc1ccc(O)cc1,CCO,2,2,1,0.014848192832742836,0.014848192832742836,False
CC(=O)CCc1ccc(O)cc1,CCOC(C)=O,2,2,1,0.06069658125255897,0.06069658125255897,False
CC(=O)N1CCN(c2ccc(OC[C@@H]3CO[C@@](Cn4ccnc4)(c4ccc(Cl)cc4Cl)O3)cc2)CC1,CC(C)O,2,2,1,0.04575873218822207,0.04575873218822207,False
CC(=O)N1CCN(c2ccc(OC[C@@H]3CO[C@@](Cn4ccnc4)(c4ccc(Cl)cc4Cl)O3)cc2)CC1,CC(O)CO,2,2,1,0.032143391123245886,0.032143391123245886,False
CC(=O)N1CCN(c2ccc(OC[C@@H]3CO[C@@](Cn4ccnc4)(c4ccc(Cl)cc4Cl)O3)cc2)CC1,CCO,2,2,1,0.08628127794977065,0.08628127794977065,False
CC(=O)N1CCN(c2ccc(OC[C@@H]3CO[C@@](Cn4ccnc4)(c4ccc(Cl)cc4Cl)O3)cc2)CC1,CN1CCCC1=O,2,2,1,0.027931345742524222,0.027931345742524222,False
CC(=O)N1CCN(c2ccc(OC[C@@H]3CO[C@@](Cn4ccnc4)(c4ccc(Cl)cc4Cl)O3)cc2)CC1,O,2,2,1,0.04176642607537495,0.04176642607537495,False
CC(=O)NCC(=O)O,CC(C)O,2,2,1,0.06770840707827523,0.06770840707827523,False
CC(=O)NCC(=O)O,CCCCO,2,2,1,0.04547566656994859,0.04547566656994859,False
CC(=O)NCC(=O)O,CCCO,2,2,1,0.04495417559616314,0.04495417559616314,False
CC(=O)NCC(=O)O,CCO,2,2,1,0.006665712957742302,0.006665712957742302,False
CC(=O)NCC(=O)O,CO,2,2,1,0.061499618876069424,0.061499618876069424,False
CC(=O)Nc1ccc(O)cc1,CC(C)O,2,2,1,0.014152983418753706,0.014152983418753706,False
CC(=O)Nc1ccc(O)cc1,CCO,3,3,1,0.013118946995527082,0.013118946995527082,False
CC(=O)Nc1ccc(O)cc1,O,7,6,15,0.03857993716431474,0.08574103182048587,False
CC(=O)Nc1ccc(OC(=O)c2ccccc2OC(C)=O)cc1,CC#N,2,2,1,0.26715753099572187,0.26715753099572187,False
CC(=O)Nc1ccc(OC(=O)c2ccccc2OC(C)=O)cc1,CC(C)O,3,3,3,0.2281556460967439,0.34203698335339056,False
CC(=O)Nc1ccc(OC(=O)c2ccccc2OC(C)=O)cc1,CCCCO,2,2,1,0.23429120715798946,0.23429120715798946,False
CC(=O)Nc1ccc(OC(=O)c2ccccc2OC(C)=O)cc1,CCCO,2,2,1,0.4304578843074256,0.4304578843074256,False
CC(=O)Nc1ccc(OC(=O)c2ccccc2OC(C)=O)cc1,CCO,3,3,3,0.18780550409937993,0.2809226527844773,False
CC(=O)Nc1ccc(OC(=O)c2ccccc2OC(C)=O)cc1,CCOC(C)=O,2,2,1,0.28240764563344933,0.28240764563344933,False
CC(=O)Nc1ccc(OC(=O)c2ccccc2OC(C)=O)cc1,CN(C)C=O,2,2,1,0.02147705511729174,0.02147705511729174,False
CC(=O)Nc1ccc(OC(=O)c2ccccc2OC(C)=O)cc1,CN1CCCC1=O,2,2,1,0.035860026345992196,0.035860026345992196,False
CC(=O)Nc1ccc(OC(=O)c2ccccc2OC(C)=O)cc1,CO,2,2,1,0.5121910488475261,0.5121910488475261,False
CC(=O)Nc1ccc(OC(=O)c2ccccc2OC(C)=O)cc1,COC(C)=O,2,2,1,0.02740570943680048,0.02740570943680048,False
CC(=O)Oc1ccc(C(c2ccc(OC(C)=O)cc2)c2ccccn2)cc1,CC(C)O,2,2,1,0.017790722922824846,0.017790722922824846,False
CC(=O)Oc1ccc(C(c2ccc(OC(C)=O)cc2)c2ccccn2)cc1,CCO,2,2,1,0.012061953014789014,0.012061953014789014,False
CC(=O)Oc1ccc(C(c2ccc(OC(C)=O)cc2)c2ccccn2)cc1,CO,2,2,1,0.014325978371730304,0.014325978371730304,False
CC(=O)Oc1ccc(C(c2ccc(OC(C)=O)cc2)c2ccccn2)cc1,O,2,2,1,0.018337840350008412,0.018337840350008412,False
CC(=O)Oc1ccccc1C(=O)Nc1ncc([N+](=O)[O-])s1,CC(C)O,2,2,1,0.017178824297132786,0.017178824297132786,False
CC(=O)Oc1ccccc1C(=O)Nc1ncc([N+](=O)[O-])s1,CN(C)C=O,2,2,1,0.011969719979545957,0.011969719979545957,False
CC(=O)Oc1ccccc1C(=O)Nc1ncc([N+](=O)[O-])s1,CN1CCCC1=O,2,2,1,0.009097952974123266,0.009097952974123266,False
CC(=O)Oc1ccccc1C(=O)O,CCCO,3,2,1,0.025141922293670793,0.025141922293670793,False
CC(=O)Oc1ccccc1C(=O)O,CCOC(C)=O,3,2,1,0.0962703041492487,0.0962703041492487,False
CC(C)(Oc1ccc(CCNC(=O)c2ccc(Cl)cc2)cc1)C(=O)O,CC(C)O,2,2,1,0.0034790828259100644,0.0034790828259100644,False
CC(C)(Oc1ccc(CCNC(=O)c2ccc(Cl)cc2)cc1)C(=O)O,CCCO,2,2,1,0.011891074255665197,0.011891074255665197,False
CC(C)(Oc1ccc(CCNC(=O)c2ccc(Cl)cc2)cc1)C(=O)O,CCO,2,2,1,0.018925190810634783,0.018925190810634783,False
CC(C)(Oc1ccc(CCNC(=O)c2ccc(Cl)cc2)cc1)C(=O)O,CO,2,2,1,0.027060695300075467,0.027060695300075467,False
CC(C)C(=O)Nc1ccc([N+](=O)[O-])c(C(F)(F)F)c1,C1COCCO1,2,2,1,0.023391160424951835,0.023391160424951835,False
CC(C)C(=O)Nc1ccc([N+](=O)[O-])c(C(F)(F)F)c1,CC#N,2,2,1,0.04612070734002748,0.04612070734002748,False
CC(C)C(=O)Nc1ccc([N+](=O)[O-])c(C(F)(F)F)c1,CC(C)=O,2,2,1,0.2105475525002478,0.2105475525002478,False
CC(C)C(=O)Nc1ccc([N+](=O)[O-])c(C(F)(F)F)c1,CC(C)O,2,2,1,0.024843524543524825,0.024843524543524825,False
CC(C)C(=O)Nc1ccc([N+](=O)[O-])c(C(F)(F)F)c1,CCO,3,3,3,0.042607566185812074,0.06383345974168256,False
CC(C)C(=O)Nc1ccc([N+](=O)[O-])c(C(F)(F)F)c1,CCOC(C)=O,2,2,1,0.24856133481104198,0.24856133481104198,False
CC(C)C(=O)Nc1ccc([N+](=O)[O-])c(C(F)(F)F)c1,CO,2,2,1,0.07239722464346458,0.07239722464346458,False
CC(C)C(=O)Nc1ccc([N+](=O)[O-])c(C(F)(F)F)c1,COC(C)=O,2,2,1,0.32681502793574857,0.32681502793574857,False
CC(C)[C@H](N)C(=O)O,CC(C)=O,2,2,1,1.9767172583597907,1.9767172583597907,True
CC(C)[C@H](N)C(=O)O,CC(C)O,2,2,1,0.9843118079008154,0.9843118079008154,True
CC(C)[C@H](N)C(=O)O,CCO,2,2,1,1.0666176070573874,1.0666176070573874,True
CC(C)[C@H](N)C(=O)O,O,2,2,1,0.012074077075122721,0.012074077075122721,True
CC(CO)(CO)C(=O)O,CCCCOC(C)=O,2,2,1,0.5699444722277662,0.5699444722277662,True
CC(CO)(CO)C(=O)O,CCOC(C)=O,2,2,1,0.6405919819726359,0.6405919819726359,True
CC1(C)CC[C@]2(C(=O)O)CC[C@]3(C)C(=CC[C@@H]4[C@@]5(C)CC[C@H](O)C(C)(C)[C@@H]5CC[C@]43C)[C@@H]2C1,CO,2,2,1,0.014534200086166692,0.014534200086166692,False
CC1=NN(c2ccccc2)C(=O)C1,CC#N,2,2,1,0.06085900814779903,0.06085900814779903,False
CC1=NN(c2ccccc2)C(=O)C1,CCCO,2,2,1,0.09242771132287331,0.09242771132287331,False
CC1=NN(c2ccccc2)C(=O)C1,CCO,2,2,1,0.05082648741950747,0.05082648741950747,False
CC1=NN(c2ccccc2)C(=O)C1,CCOC(C)=O,2,2,1,0.18991732818311047,0.18991732818311047,False
CC1=NN(c2ccccc2)C(=O)C1,CO,2,2,1,0.15179556501606287,0.15179556501606287,False
CC1COc2c(N3CCN(C)CC3)c(F)cc3c(=O)c(C(=O)O)cn1c23,O,2,2,1,0.21701698306599818,0.21701698306599818,False
CCC(C)n1ncn(-c2ccc(N3CCN(c4ccc(OC[C@H]5CO[C@](Cn6cncn6)(c6ccc(Cl)cc6Cl)O5)cc4)CC3)cc2)c1=O,CCO,3,2,1,0.05579880022199815,0.05579880022199815,False
CCC(C)n1ncn(-c2ccc(N3CCN(c4ccc(OC[C@H]5CO[C@](Cn6cncn6)(c6ccc(Cl)cc6Cl)O5)cc4)CC3)cc2)c1=O,CO,3,2,1,0.014439231656663307,0.014439231656663307,False
CCCCC(=O)N(Cc1ccc(-c2ccccc2-c2nn[nH]n2)cc1)[C@H](C(=O)O)C(C)C,CC#N,2,2,1,0.7688549708872232,0.7688549708872232,False
CCCCC(=O)N(Cc1ccc(-c2ccccc2-c2nn[nH]n2)cc1)[C@H](C(=O)O)C(C)C,CCOC(C)=O,2,2,1,0.33926083972414744,0.33926083972414744,False
CCCCC(=O)N(Cc1ccc(-c2ccccc2-c2nn[nH]n2)cc1)[C@H](C(=O)O)C(C)C,COC(C)=O,2,2,1,0.3583769987578158,0.3583769987578158,False
CCCCCCCCCCCC(=O)O,CCCO,2,2,1,0.040793561983318224,0.040793561983318224,False
CCCCCCCCCCCCCCCCCC(=O)O,CCO,2,2,1,0.03696543774210128,0.03696543774210128,False
CCCCOC(=O)c1ccc(O)cc1,CCCO,2,2,1,0.60066177479374,0.60066177479374,True
CCCCOC(=O)c1ccc(O)cc1,CCO,2,2,1,0.6946665347283364,0.6946665347283364,True
CCCOC(=O)c1ccc(O)cc1,CC(C)O,2,2,1,0.0954436575314847,0.0954436575314847,False
CCCOC(=O)c1ccc(O)cc1,CCCO,2,2,1,0.08315007544792737,0.08315007544792737,False
CCCOC(=O)c1ccc(O)cc1,CCO,2,2,1,0.10380365266019685,0.10380365266019685,False
CCCSc1ccc2nc(NC(=O)OC)[nH]c2c1,CC(C)=O,2,2,1,0.00836150205977513,0.00836150205977513,False
CCCSc1ccc2nc(NC(=O)OC)[nH]c2c1,CC(C)O,2,2,1,0.007685068886296792,0.007685068886296792,False
CCCSc1ccc2nc(NC(=O)OC)[nH]c2c1,CO,2,2,1,0.026456280154222474,0.026456280154222474,False
CCCSc1nc(N[C@@H]2C[C@H]2c2ccc(F)c(F)c2)c2nnn([C@@H]3C[C@H](OCCO)[C@@H](O)[C@H]3O)c2n1,CC(C)O,2,2,1,0.23269159219524876,0.23269159219524876,False
CCCSc1nc(N[C@@H]2C[C@H]2c2ccc(F)c(F)c2)c2nnn([C@@H]3C[C@H](OCCO)[C@@H](O)[C@H]3O)c2n1,CCCCO,2,2,1,0.2410560813026127,0.2410560813026127,False
CCCSc1nc(N[C@@H]2C[C@H]2c2ccc(F)c(F)c2)c2nnn([C@@H]3C[C@H](OCCO)[C@@H](O)[C@H]3O)c2n1,CCCO,2,2,1,0.16071597750241606,0.16071597750241606,False
CCCSc1nc(N[C@@H]2C[C@H]2c2ccc(F)c(F)c2)c2nnn([C@@H]3C[C@H](OCCO)[C@@H](O)[C@H]3O)c2n1,CCOC(C)=O,2,2,1,0.1502486543441396,0.1502486543441396,False
CCC[C@@H]1C[C@@H](C(=O)N[C@@H]([C@H]2O[C@H](SC)[C@H](OP(=O)(O)O)[C@@H](O)[C@H]2O)[C@H](C)Cl)N(C)C1,CCO,2,2,1,1.1073675325704206,1.1073675325704206,True
CCCc1cc(=O)[nH]c(=S)[nH]1,CCCO,2,2,1,0.019174933967834352,0.019174933967834352,False
CCCc1cc(=O)[nH]c(=S)[nH]1,CCO,2,2,1,0.038969602807985636,0.038969602807985636,False
CCCc1cc(=O)[nH]c(=S)[nH]1,CN(C)C=O,2,2,1,0.02877562899441893,0.02877562899441893,False
CCCc1cc(=O)[nH]c(=S)[nH]1,CO,2,2,1,0.196851751332653,0.196851751332653,False
CCCc1cc(=O)[nH]c(=S)[nH]1,O,2,2,1,0.08319688548940486,0.08319688548940486,False
CCOC(=O)[C@@H](C)Oc1ccc(Oc2cnc3cc(Cl)ccc3n2)cc1,CC(C)=O,2,2,1,0.3755877964861612,0.3755877964861612,False
CCOC(=O)[C@@H](C)Oc1ccc(Oc2cnc3cc(Cl)ccc3n2)cc1,CCCCCC,2,2,1,0.4023810577929095,0.4023810577929095,False
CCOC(=O)[C@@H](C)Oc1ccc(Oc2cnc3cc(Cl)ccc3n2)cc1,CCO,2,2,1,0.047236315474287714,0.047236315474287714,False
CCOC(=O)[C@@H](C)Oc1ccc(Oc2cnc3cc(Cl)ccc3n2)cc1,CCOC(C)=O,2,2,1,0.3753915822157473,0.3753915822157473,False
CCOc1ccc(NC(C)=O)cc1,CCCCO,2,2,1,0.17373986243846318,0.17373986243846318,False
CCOc1ccc(NC(C)=O)cc1,CCCO,2,2,1,0.03828075520522273,0.03828075520522273,False
CCOc1ccc(NC(C)=O)cc1,CCO,2,2,1,0.03769827302242187,0.03769827302242187,False
CCOc1ccc(NC(C)=O)cc1,CCOC(C)=O,2,2,1,0.03841355930502241,0.03841355930502241,False
CCOc1ccc(NC(C)=O)cc1,CO,2,2,1,0.02555069476266354,0.02555069476266354,False
CCOc1ccccc1C(N)=O,CC#N,2,2,1,0.02822001986092697,0.02822001986092697,False
CCOc1ccccc1C(N)=O,CC(C)O,2,2,1,0.09041431159748378,0.09041431159748378,False
CCOc1ccccc1C(N)=O,CCO,2,2,1,0.023303027341576982,0.023303027341576982,False
CCOc1ccccc1C(N)=O,CO,2,2,1,0.02634244657210298,0.02634244657210298,False
CC[C@H](C)C(=O)O[C@H]1C[C@@H](C)C=C2C=C[C@H](C)[C@H](CC[C@@H]3C[C@@H](O)CC(=O)O3)[C@H]21,CC(C)=O,2,2,1,0.0332232572445201,0.0332232572445201,False
CCn1c2ccccc2c2cc(-n3nncc3-c3ccccc3)ccc21,CC#N,2,2,1,0.03350981428895435,0.03350981428895435,False
CCn1c2ccccc2c2cc(-n3nncc3-c3ccccc3)ccc21,CC(C)O,2,2,1,0.038740644022709846,0.038740644022709846,False
CCn1c2ccccc2c2cc(-n3nncc3-c3ccccc3)ccc21,CCCO,2,2,1,0.03580283514203348,0.03580283514203348,False
CCn1c2ccccc2c2cc(-n3nncc3-c3ccccc3)ccc21,CCO,2,2,1,0.04830619134362654,0.04830619134362654,False
CN1C(=O)CN=C(c2ccccc2)c2cc(Cl)ccc21,O,3,2,1,0.2933265492847833,0.2933265492847833,False
CN1CCN(C2=Nc3cc(Cl)ccc3Nc3ccccc32)CC1,CC(C)=O,2,2,1,0.15920366983115108,0.15920366983115108,False
CN1CCN(C2=Nc3cc(Cl)ccc3Nc3ccccc32)CC1,CC(C)O,2,2,1,0.14067926817164006,0.14067926817164006,False
CN1CCN(C2=Nc3cc(Cl)ccc3Nc3ccccc32)CC1,CCCCCO,2,2,1,0.0344356422987022,0.0344356422987022,False
CN1CCN(C2=Nc3cc(Cl)ccc3Nc3ccccc32)CC1,CCCCO,2,2,1,0.044210446165802345,0.044210446165802345,False
CN1CCN(C2=Nc3cc(Cl)ccc3Nc3ccccc32)CC1,CCCO,3,3,3,0.12749527008193967,0.19042634641006528,False
CN1CCN(C2=Nc3cc(Cl)ccc3Nc3ccccc32)CC1,CCO,3,3,3,0.04580622696417703,0.06275978247656147,False
CN1CCN(C2=Nc3cc(Cl)ccc3Nc3ccccc32)CC1,CCOC(C)=O,2,2,1,0.06587859456369154,0.06587859456369154,False
CN1CCN(C2=Nc3cc(Cl)ccc3Nc3ccccc32)CC1,CN(C)C=O,2,2,1,0.08065166049243251,0.08065166049243251,False
CN1CCN(C2=Nc3cc(Cl)ccc3Nc3ccccc32)CC1,CO,2,2,1,0.06340084288180257,0.06340084288180257,False
CN1CCN(C2=Nc3cc(Cl)ccc3Nc3ccccc32)CC1,COC(C)=O,2,2,1,0.23847956239595025,0.23847956239595025,False
CN1COCN(Cc2cnc(Cl)s2)C1=N[N+](=O)[O-],C1COCCO1,2,2,1,0.016489284092320693,0.016489284092320693,False
CN1COCN(Cc2cnc(Cl)s2)C1=N[N+](=O)[O-],CC#N,2,2,1,0.01628512822761461,0.01628512822761461,False
CN1COCN(Cc2cnc(Cl)s2)C1=N[N+](=O)[O-],CC(=O)N(C)C,2,2,1,0.010413730372807621,0.010413730372807621,False
CN1COCN(Cc2cnc(Cl)s2)C1=N[N+](=O)[O-],CS(C)=O,2,2,1,0.011796701922542821,0.011796701922542821,False
CN1c2ccccc2C(=O)N2CCc3c([nH]c4ccccc34)[C@H]21,CC(C)=O,2,2,1,0.02982472195061987,0.02982472195061987,False
CN1c2ccccc2C(=O)N2CCc3c([nH]c4ccccc34)[C@H]21,CC(C)O,2,2,1,0.04784635513221467,0.04784635513221467,False
CN1c2ccccc2C(=O)N2CCc3c([nH]c4ccccc34)[C@H]21,CCO,2,2,1,0.037899205389248555,0.037899205389248555,False
CN1c2ccccc2C(=O)N2CCc3c([nH]c4ccccc34)[C@H]21,CO,2,2,1,0.036531883776321175,0.036531883776321175,False
CNC(=O)c1cc(Oc2ccc(NC(=O)Nc3ccc(Cl)c(C(F)(F)F)c3)cc2)ccn1,CC(C)CO,2,2,1,0.21376069227917413,0.21376069227917413,False
CNC(=O)c1cc(Oc2ccc(NC(=O)Nc3ccc(Cl)c(C(F)(F)F)c3)cc2)ccn1,CC(C)O,2,2,1,0.0666763839077482,0.0666763839077482,False
CNC(=O)c1cc(Oc2ccc(NC(=O)Nc3ccc(Cl)c(C(F)(F)F)c3)cc2)ccn1,CCCCO,2,2,1,0.0860644772647507,0.0860644772647507,False
CNC(=O)c1cc(Oc2ccc(NC(=O)Nc3ccc(Cl)c(C(F)(F)F)c3)cc2)ccn1,CCCO,2,2,1,0.09928575988024922,0.09928575988024922,False
COC(=O)C1=C(C)NC(C)=C(C(=O)OCC(C)C)C1c1ccccc1[N+](=O)[O-],CC#N,2,2,1,0.010619500293652955,0.010619500293652955,False
COC(=O)C1=C(C)NC(C)=C(C(=O)OCC(C)C)C1c1ccccc1[N+](=O)[O-],CC(C)O,2,2,1,0.008773244414797751,0.008773244414797751,False
COC(=O)C1=C(C)NC(C)=C(C(=O)OCC(C)C)C1c1ccccc1[N+](=O)[O-],CCCO,2,2,1,0.012110440001637033,0.012110440001637033,False
COC(=O)C1=C(C)NC(C)=C(C(=O)OCC(C)C)C1c1ccccc1[N+](=O)[O-],CCOC(C)=O,2,2,1,0.011273015874363917,0.011273015874363917,False
COC(=O)C1=C(C)NC(C)=C(C(=O)OCC(C)C)C1c1ccccc1[N+](=O)[O-],O,2,2,1,0.008989799377523455,0.008989799377523455,False
COC(=O)C1CC(=O)C(C(=O)OC)CC1=O,CC#N,2,2,1,0.05639753379230683,0.05639753379230683,False
COC(=O)C1CC(=O)C(C(=O)OC)CC1=O,CC(C)=O,2,2,1,0.0307777906920934,0.0307777906920934,False
COC(=O)C1CC(=O)C(C(=O)OC)CC1=O,CCCO,2,2,1,0.06347307146790089,0.06347307146790089,False
COC(=O)C1CC(=O)C(C(=O)OC)CC1=O,CCOC(C)=O,2,2,1,0.01260305623112353,0.01260305623112353,False
COC(=O)C1CC(=O)C(C(=O)OC)CC1=O,CO,3,3,3,0.0995580955780404,0.16157332267342386,False
COC(=O)Nc1nc2ccc(Sc3ccccc3)cc2[nH]1,CCO,2,2,1,0.7536897020098263,0.7536897020098263,False
COC(=O)Nc1nc2ccc(Sc3ccccc3)cc2[nH]1,O,2,2,1,0.012151418041759097,0.012151418041759097,False
COC1=CC(=O)C[C@@H](C)[C@]12Oc1c(Cl)c(OC)cc(OC)c1C2=O,CN1CCCC1=O,2,2,1,0.01319151604113473,0.01319151604113473,False
CO[C@@]1(NC(=O)CSCC#N)C(=O)N2C(C(=O)O)=C(CSc3nnnn3C)CS[C@@H]21,CCO,2,2,1,0.04863604816557278,0.04863604816557278,False
CO[C@@]1(NC(=O)CSCC#N)C(=O)N2C(C(=O)O)=C(CSc3nnnn3C)CS[C@@H]21,CO,2,2,1,0.06391978548903482,0.06391978548903482,False
COc1c(C)c2c(c(O)c1C/C=C(\C)CCC(=O)OCCN1CCOCC1)C(=O)OC2,CC(C)O,2,2,1,0.008878445729694207,0.008878445729694207,False
COc1c(C)c2c(c(O)c1C/C=C(\C)CCC(=O)OCCN1CCOCC1)C(=O)OC2,CC(O)CO,2,2,1,0.007964717439299562,0.007964717439299562,False
COc1c(C)c2c(c(O)c1C/C=C(\C)CCC(=O)OCCN1CCOCC1)C(=O)OC2,CCO,2,2,1,0.011357952767034241,0.011357952767034241,False
COc1c(C)c2c(c(O)c1C/C=C(\C)CCC(=O)OCCN1CCOCC1)C(=O)OC2,CS(C)=O,2,2,1,0.013860245597173559,0.013860245597173559,False
COc1c(C)c2c(c(O)c1C/C=C(\C)CCC(=O)OCCN1CCOCC1)C(=O)OC2,O,2,2,1,0.02677939764054855,0.02677939764054855,False
COc1cc(/C=C/C(=O)CC(=O)/C=C/c2ccc(O)c(OC)c2)ccc1O,O,2,2,1,0.5432941560857197,0.5432941560857197,False
COc1cc(C(=O)O)ccc1O,CC(C)O,2,2,1,0.01067205377707538,0.01067205377707538,False
COc1cc(C=O)ccc1O,CCO,2,2,1,0.05685942125523776,0.05685942125523776,False
COc1cc(C=O)ccc1O,O,2,2,1,0.06125173431656514,0.06125173431656514,False
COc1cc(Cc2cnc(N)nc2N)cc(OC)c1OC,CC(C)O,2,2,1,0.03463213827605263,0.03463213827605263,False
COc1cc(Cc2cnc(N)nc2N)cc(OC)c1OC,CCO,2,2,1,0.11126287548201266,0.11126287548201266,False
COc1ccc(Cl)cc1C(=O)NCCc1ccc(S(=O)(=O)NC(=O)NC2CCCCC2)cc1,CC#N,2,2,1,0.022877147332083483,0.022877147332083483,False
COc1ccc(Cl)cc1C(=O)NCCc1ccc(S(=O)(=O)NC(=O)NC2CCCCC2)cc1,CC(C)=O,2,2,1,0.010917070833784237,0.010917070833784237,False
COc1ccc(Cl)cc1C(=O)NCCc1ccc(S(=O)(=O)NC(=O)NC2CCCCC2)cc1,CC(C)O,3,3,3,0.01846751182549799,0.025946182825963306,False
COc1ccc(Cl)cc1C(=O)NCCc1ccc(S(=O)(=O)NC(=O)NC2CCCCC2)cc1,CCCO,2,2,1,0.03575706279088801,0.03575706279088801,False
COc1ccc(Cl)cc1C(=O)NCCc1ccc(S(=O)(=O)NC(=O)NC2CCCCC2)cc1,CCO,2,2,1,0.017209419132623863,0.017209419132623863,False
COc1ccc(Cl)cc1C(=O)NCCc1ccc(S(=O)(=O)NC(=O)NC2CCCCC2)cc1,CCOC(C)=O,2,2,1,0.015515124684711862,0.015515124684711862,False
COc1ccc(Cl)cc1C(=O)NCCc1ccc(S(=O)(=O)NC(=O)NC2CCCCC2)cc1,CO,3,3,3,0.023583675580937522,0.031754048630735575,False
COc1ccc(Cl)cc1C(=O)NCCc1ccc(S(=O)(=O)NC(=O)NC2CCCCC2)cc1,O,2,2,1,0.015768089869093654,0.015768089869093654,False
COc1ccc2c(c1)c(CC(=O)O)c(C)n2C(=O)c1ccc(Cl)cc1,O,2,2,1,1.315151299757694,1.315151299757694,True
COc1ccc2cc([C@H](C)C(=O)O)ccc2c1,CCO,4,3,3,0.1221522539043829,0.1734867617553191,False
COc1ccccc1N1CCN(CC(O)COc2cccc3ccccc23)CC1,CCO,2,2,1,0.031391775692599766,0.031391775692599766,False
COc1ccccc1OCCNCC(O)COc1cccc2[nH]c3ccccc3c12,C1CCOC1,2,2,1,1.2143449422056258,1.2143449422056258,False
COc1ccccc1OCCNCC(O)COc1cccc2[nH]c3ccccc3c12,CC(C)=O,2,2,1,0.9287867912979004,0.9287867912979004,False
COc1ccccc1OCCNCC(O)COc1cccc2[nH]c3ccccc3c12,CCO,2,2,1,0.2526999900642983,0.2526999900642983,False
COc1ccccc1OCCNCC(O)COc1cccc2[nH]c3ccccc3c12,CCOC(C)=O,2,2,1,0.014427657504232931,0.014427657504232931,False
COc1ccccc1OCCNCC(O)COc1cccc2[nH]c3ccccc3c12,CO,2,2,1,0.21711493705905516,0.21711493705905516,False
CS(=O)(=O)Nc1ccc([N+](=O)[O-])cc1Oc1ccccc1,CCO,2,2,1,0.048379195610972155,0.048379195610972155,False
CS(=O)(=O)Nc1ccc([N+](=O)[O-])cc1Oc1ccccc1,CCOC(C)=O,2,2,1,0.014887421596649323,0.014887421596649323,False
CS(=O)(=O)c1ccc([C@@H](O)[C@@H](CF)NC(=O)C(Cl)Cl)cc1,CCCO,2,2,1,0.009075980281169738,0.009075980281169738,False
CS(=O)(=O)c1ccc([C@@H](O)[C@@H](CF)NC(=O)C(Cl)Cl)cc1,CCO,2,2,1,0.014214005415877029,0.014214005415877029,False
CS(=O)(=O)c1ccc([C@@H](O)[C@@H](CF)NC(=O)C(Cl)Cl)cc1,O,2,2,1,0.08101224711985762,0.08101224711985762,False
C[C@@H]1CC[C@@]2(OC1)O[C@H]1C[C@H]3[C@@H]4CC=C5C[C@@H](O)CC[C@]5(C)[C@H]4CC[C@]3(C)[C@H]1[C@@H]2C,CCO,2,2,1,0.07401235648345302,0.07401235648345302,False
C[C@@H]1CC[C@H]2[C@@H](C)C(=O)O[C@@H]3O[C@@]4(C)CC[C@@H]1[C@]32OO4,CC#N,2,2,1,0.5143049595704494,0.5143049595704494,False
C[C@@H]1CC[C@H]2[C@@H](C)C(=O)O[C@@H]3O[C@@]4(C)CC[C@@H]1[C@]32OO4,CC(C)=O,2,2,1,0.009276694470349511,0.009276694470349511,False
C[C@@H]1CC[C@H]2[C@@H](C)C(=O)O[C@@H]3O[C@@]4(C)CC[C@@H]1[C@]32OO4,CCO,2,2,1,0.27247783823075905,0.27247783823075905,False
C[C@@H]1CC[C@H]2[C@@H](C)C(=O)O[C@@H]3O[C@@]4(C)CC[C@@H]1[C@]32OO4,CCOC(C)=O,2,2,1,0.025145409376629946,0.025145409376629946,False
C[C@@H]1CC[C@H]2[C@@H](C)C(=O)O[C@@H]3O[C@@]4(C)CC[C@@H]1[C@]32OO4,CO,2,2,1,0.012986922923450273,0.012986922923450273,False
C[C@@H]1CC[C@H]2[C@@H](C)C(=O)O[C@@H]3O[C@@]4(C)CC[C@@H]1[C@]32OO4,Cc1ccccc1,2,2,1,0.1717119016293675,0.1717119016293675,False
C[C@H]1[C@H](C)CC[C@]2(C(=O)O)CC[C@]3(C)C(=CC[C@@H]4[C@@]5(C)CC[C@H](O)C(C)(C)[C@@H]5CC[C@]43C)[C@H]12,CO,2,2,1,0.021467120102292608,0.021467120102292608,False
C[C@H]1[C@H](OC(=O)CCC(=O)O)O[C@@H]2O[C@@]3(C)CC[C@H]4[C@H](C)CC[C@@H]1[C@@]24OO3,CC(C)O,2,2,1,0.4003213370499013,0.4003213370499013,False
C[C@H]1[C@H](OC(=O)CCC(=O)O)O[C@@H]2O[C@@]3(C)CC[C@H]4[C@H](C)CC[C@@H]1[C@@]24OO3,CCO,2,2,1,0.47413205708394973,0.47413205708394973,False
C[C@]12CCC(=O)C=C1CC[C@@H]1[C@@H]2[C@@H](O)C[C@@]2(C)[C@H]1CC[C@]2(O)C(=O)CO,CC#N,2,2,1,0.6809397887198576,0.6809397887198576,True
Cc1[nH]nc2cc([N+](=O)[O-])ccc12,CCCO,2,2,1,0.01861376478092748,0.01861376478092748,False
Cc1[nH]nc2cc([N+](=O)[O-])ccc12,CCO,2,2,1,0.014911192652600614,0.014911192652600614,False
Cc1[nH]nc2cc([N+](=O)[O-])ccc12,O,2,2,1,0.005135071392910293,0.005135071392910293,False
Cc1c(C(=O)O)cccc1[N+](=O)[O-],C1COCCO1,2,2,1,0.1815544184329642,0.1815544184329642,False
Cc1c(C(=O)O)cccc1[N+](=O)[O-],CC#N,2,2,1,0.1952823292688818,0.1952823292688818,False
Cc1c(C(=O)O)cccc1[N+](=O)[O-],CC(C)O,2,2,1,0.040535510824476116,0.040535510824476116,False
Cc1c(C(=O)O)cccc1[N+](=O)[O-],CCCO,2,2,1,0.14667257022903818,0.14667257022903818,False
Cc1c(C(=O)O)cccc1[N+](=O)[O-],CCO,2,2,1,0.03675720607369012,0.03675720607369012,False
Cc1c(C(=O)O)cccc1[N+](=O)[O-],CCOC(C)=O,2,2,1,0.03520235129559249,0.03520235129559249,False
Cc1c(C(=O)O)cccc1[N+](=O)[O-],CO,2,2,1,0.07677911790967994,0.07677911790967994,False
Cc1c(Cl)cccc1Nc1ccccc1C(=O)O,C1CCCCC1,2,2,1,0.17314061972946776,0.17314061972946776,False
Cc1c(Cl)cccc1Nc1ccccc1C(=O)O,CCCCCCCO,2,2,1,0.07070598411556937,0.07070598411556937,False
Cc1c(Cl)cccc1Nc1ccccc1C(=O)O,CCCCCCO,2,2,1,0.2127286528634648,0.2127286528634648,False
Cc1c(Cl)cccc1Nc1ccccc1C(=O)O,CCCCCO,2,2,1,0.4203911466727268,0.4203911466727268,False
Cc1c(Cl)cccc1Nc1ccccc1C(=O)O,CCOC(C)=O,2,2,1,0.21882452176347839,0.21882452176347839,False
Cc1c(Cl)cccc1Nc1ccccc1C(=O)O,CS(C)=O,2,2,1,0.1161412699541912,0.1161412699541912,False
Cc1c(OCC(F)(F)F)ccnc1CS(=O)c1nc2ccccc2[nH]1,CC(C)=O,2,2,1,0.8686621742774423,0.8686621742774423,True
Cc1c(OCC(F)(F)F)ccnc1CS(=O)c1nc2ccccc2[nH]1,CC(C)O,2,2,1,0.7402532921685668,0.7402532921685668,True
Cc1c(OCC(F)(F)F)ccnc1CS(=O)c1nc2ccccc2[nH]1,CCCCO,2,2,1,0.6936382455312387,0.6936382455312387,True
Cc1c(OCC(F)(F)F)ccnc1CS(=O)c1nc2ccccc2[nH]1,CCCCOC(C)=O,2,2,1,0.384512892395374,0.384512892395374,True
Cc1c(OCC(F)(F)F)ccnc1CS(=O)c1nc2ccccc2[nH]1,CCCO,2,2,1,0.7085588095160409,0.7085588095160409,True
Cc1c(OCC(F)(F)F)ccnc1CS(=O)c1nc2ccccc2[nH]1,CCOC(C)=O,2,2,1,0.6127767479144646,0.6127767479144646,True
Cc1cc(C(=O)O)ccc1[N+](=O)[O-],CCCCO,2,2,1,0.017229995331610404,0.017229995331610404,False
Cc1cc(C)nc(NS(=O)(=O)c2ccc(N)cc2)n1,CCCO,2,2,1,1.9725762499123438,1.9725762499123438,True
Cc1cc(C)nc(NS(=O)(=O)c2ccc(N)cc2)n1,CCO,2,2,1,1.8573643005507394,1.8573643005507394,True
Cc1cc(C)nc(NS(=O)(=O)c2ccc(N)cc2)n1,O,3,3,3,0.01419927936769109,0.0211202330631112,True
Cc1cc(NS(=O)(=O)c2ccc(N)cc2)no1,O,2,2,1,0.034196732056015644,0.034196732056015644,False
Cc1ccc(C(=O)O)cc1,CO,2,2,1,0.4219341613845003,0.4219341613845003,False
Cc1ccc(S(N)(=O)=O)cc1,CC#N,2,2,1,0.12563997903461477,0.12563997903461477,False
Cc1ccc(S(N)(=O)=O)cc1,CC(C)O,2,2,1,0.17145049153929293,0.17145049153929293,False
Cc1ccc(S(N)(=O)=O)cc1,CCCCO,2,2,1,0.3056855993083845,0.3056855993083845,False
Cc1ccc(S(N)(=O)=O)cc1,CCCO,2,2,1,0.2788049334885153,0.2788049334885153,False
Cc1ccc(S(N)(=O)=O)cc1,CCO,2,2,1,0.16423164552972144,0.16423164552972144,False
Cc1ccc(S(N)(=O)=O)cc1,CCOC(C)=O,2,2,1,0.2222081460802062,0.2222081460802062,False
Cc1ccc(S(N)(=O)=O)cc1,CO,2,2,1,0.024981267219263675,0.024981267219263675,False
Cc1ccccc1S(N)(=O)=O,CC#N,2,2,1,0.14149211028387595,0.14149211028387595,False
Cc1ccccc1S(N)(=O)=O,CC(C)O,2,2,1,0.37847878767955984,0.37847878767955984,False
Cc1ccccc1S(N)(=O)=O,CCCCO,2,2,1,0.43832187049447263,0.43832187049447263,False
Cc1ccccc1S(N)(=O)=O,CCCO,2,2,1,0.38154149980086205,0.38154149980086205,False
Cc1ccccc1S(N)(=O)=O,CCO,2,2,1,0.2097101072447997,0.2097101072447997,False
Cc1ccccc1S(N)(=O)=O,CCOC(C)=O,2,2,1,0.2091933279375891,0.2091933279375891,False
Cc1ccccc1S(N)(=O)=O,CO,2,2,1,0.08833878155018295,0.08833878155018295,False
Cc1ccnc(NS(=O)(=O)c2ccc(N)cc2)n1,O,2,2,1,0.07599212102630015,0.07599212102630015,True
Cc1cnc(NC(=O)C2=C(O)c3ccccc3S(=O)(=O)N2C)s1,CCO,2,2,1,0.2583127390581694,0.2583127390581694,False
Cc1cnc(NC(=O)C2=C(O)c3ccccc3S(=O)(=O)N2C)s1,O,4,3,3,0.18995715409684644,0.29681988225914724,False
Cc1nc2n(c(=O)c1CCN1CCC(c3noc4cc(F)ccc34)CC1)CCCC2,CC(C)=O,2,2,1,0.04855210165145607,0.04855210165145607,False
Cc1nc2n(c(=O)c1CCN1CCC(c3noc4cc(F)ccc34)CC1)CCCC2,CC(C)O,2,2,1,0.05238814825623766,0.05238814825623766,False
Cc1nc2n(c(=O)c1CCN1CCC(c3noc4cc(F)ccc34)CC1)CCCC2,CCCCO,2,2,1,0.022824784556906112,0.022824784556906112,False
Cc1nc2n(c(=O)c1CCN1CCC(c3noc4cc(F)ccc34)CC1)CCCC2,CCCO,2,2,1,0.026720187125320056,0.026720187125320056,False
Cc1nc2n(c(=O)c1CCN1CCC(c3noc4cc(F)ccc34)CC1)CCCC2,CCO,3,3,3,0.02122966146340878,0.0304645887320179,False
Cc1nc2n(c(=O)c1CCN1CCC(c3noc4cc(F)ccc34)CC1)CCCC2,CCOC(C)=O,2,2,1,0.04069094948521644,0.04069094948521644,False
Cc1nc2n(c(=O)c1CCN1CCC(c3noc4cc(F)ccc34)CC1)CCCC2,CO,3,3,3,0.024321929388858698,0.03347636423503946,False
Cc1nc2n(c(=O)c1CCN1CCC(c3noc4cc(F)ccc34)CC1)CCCC2,O,2,2,1,0.02648584692069616,0.02648584692069616,False
Cc1ncc([N+](=O)[O-])n1CCO,O,2,2,1,0.09529953403899598,0.09529953403899598,False
Cc1nnc(C(C)C)n1C1C[C@H]2CC[C@@H](C1)N2CC[C@H](NC(=O)C1CCC(F)(F)CC1)c1ccccc1,CCCO,2,2,1,0.018015955369988824,0.018015955369988824,False
Cc1nnc(C(C)C)n1C1C[C@H]2CC[C@@H](C1)N2CC[C@H](NC(=O)C1CCC(F)(F)CC1)c1ccccc1,CCO,2,2,1,0.010373860768607794,0.010373860768607794,False
Cc1nnc(C(C)C)n1C1C[C@H]2CC[C@@H](C1)N2CC[C@H](NC(=O)C1CCC(F)(F)CC1)c1ccccc1,CN(C)C=O,2,2,1,0.022188183960892102,0.022188183960892102,False
Cc1nnc(C(C)C)n1C1C[C@H]2CC[C@@H](C1)N2CC[C@H](NC(=O)C1CCC(F)(F)CC1)c1ccccc1,CS(C)=O,2,2,1,0.021651341546899516,0.021651341546899516,False
Cc1nnc(C(C)C)n1C1C[C@H]2CC[C@@H](C1)N2CC[C@H](NC(=O)C1CCC(F)(F)CC1)c1ccccc1,O,2,2,1,0.015933440791188976,0.015933440791188976,False
Clc1ccccc1C(c1ccccc1)(c1ccccc1)n1ccnc1,CC(C)O,2,2,1,0.11828621440934131,0.11828621440934131,False
Clc1ccccc1C(c1ccccc1)(c1ccccc1)n1ccnc1,CCCO,2,2,1,0.05282047369721664,0.05282047369721664,False
Clc1ccccc1C(c1ccccc1)(c1ccccc1)n1ccnc1,O,2,2,1,0.046378798042796904,0.046378798042796904,False
Cn1c(=O)c2[nH]cnc2n(C)c1=O,CCO,2,2,1,0.13137656188860017,0.13137656188860017,False
Cn1c(=O)c2[nH]cnc2n(C)c1=O,O,2,2,1,0.22071678707341888,0.22071678707341888,False
Cn1c(=O)c2c(ncn2C)n(C)c1=O,CCCO,2,2,1,0.055328686700689,0.055328686700689,False
Cn1c(=O)c2c(ncn2C)n(C)c1=O,CCO,3,3,3,0.09032649330596902,0.13062479131232846,False
Cn1c(=O)c2c(ncn2C)n(C)c1=O,O,2,2,1,0.22155440227093534,0.22155440227093534,False
Cn1c(=O)c2c(ncn2CC2OCCO2)n(C)c1=O,CC#N,3,3,3,0.03804801765737025,0.053186192613417345,False
Cn1c(=O)c2c(ncn2CC2OCCO2)n(C)c1=O,CC(C)=O,3,3,3,0.03796462091777735,0.05198736049780029,False
Cn1c(=O)c2c(ncn2CC2OCCO2)n(C)c1=O,CC(C)O,4,4,6,0.17225766564466694,0.24195565813697145,False
Cn1c(=O)c2c(ncn2CC2OCCO2)n(C)c1=O,CCCO,3,3,3,0.3020384215317074,0.47310633047417244,False
Cn1c(=O)c2c(ncn2CC2OCCO2)n(C)c1=O,CCO,4,4,6,0.38451658355902324,0.7475729199854102,False
Cn1c(=O)c2c(ncn2CC2OCCO2)n(C)c1=O,CCOC(C)=O,3,3,3,0.2243461305116067,0.34357214916092527,False
Cn1c(=O)c2c(ncn2CC2OCCO2)n(C)c1=O,CO,4,4,6,0.07016743910820285,0.12246503242528822,False
Cn1c(=O)c2c(ncn2CC2OCCO2)n(C)c1=O,O,3,3,3,0.026934393038065486,0.03227940138952207,False
Cn1cnc2c1c(=O)[nH]c(=O)n2C,CCO,2,2,1,0.024891870789224193,0.024891870789224193,False
Cn1cnc2c1c(=O)[nH]c(=O)n2C,O,2,2,1,1.2206765936520516,1.2206765936520516,False
FC(F)(F)c1cccnc1Cl,CCO,2,2,1,0.023006256134578962,0.023006256134578962,False
N#CN=C(N)N,O,2,2,1,0.022659021471919272,0.022659021471919272,False
N#Cc1ccncc1,CC(C)=O,2,2,1,0.013205867485532928,0.013205867485532928,False
N#Cc1ccncc1,CCCO,2,2,1,0.011779164487070901,0.011779164487070901,False
N#Cc1ccncc1,CCO,2,2,1,0.019068978140445662,0.019068978140445662,False
N#Cc1ccncc1,CO,2,2,1,0.033085351462591395,0.033085351462591395,False
N=c1nc(N2CCCCC2)cc(N)n1O,O,2,2,1,0.08805373467999375,0.08805373467999375,False
NC(=O)N/N=C/c1ccc([N+](=O)[O-])o1,CC#N,2,2,1,0.01841509038824787,0.01841509038824787,False
NC(=O)N/N=C/c1ccc([N+](=O)[O-])o1,CC(C)=O,2,2,1,0.0073105898532985275,0.0073105898532985275,False
NC(=O)N/N=C/c1ccc([N+](=O)[O-])o1,CC(C)O,3,3,3,0.2792235825856202,0.41590204032331607,False
NC(=O)N/N=C/c1ccc([N+](=O)[O-])o1,CCCO,2,2,1,0.34751789545228345,0.34751789545228345,False
NC(=O)N/N=C/c1ccc([N+](=O)[O-])o1,CCO,3,3,3,0.027758740638882767,0.04050810390514995,False
NC(=O)N/N=C/c1ccc([N+](=O)[O-])o1,CN(C)C=O,2,2,1,0.04954984545313214,0.04954984545313214,False
NC(=O)N/N=C/c1ccc([N+](=O)[O-])o1,CO,2,2,1,0.015756324730646278,0.015756324730646278,False
NC(=O)N/N=C/c1ccc([N+](=O)[O-])o1,NC=O,2,2,1,0.057082926018833025,0.057082926018833025,False
NC(=O)N/N=C/c1ccc([N+](=O)[O-])o1,O,3,3,3,0.25924905419961447,0.38690204239516746,False
NC(=O)c1cnccn1,CC(C)=O,2,2,1,0.03721633408215158,0.03721633408215158,False
NC(=O)c1cnccn1,CO,2,2,1,0.010397675770686534,0.010397675770686534,False
NC(=O)c1ncn([C@@H]2O[C@H](CO)[C@@H](O)[C@H]2O)n1,CCCO,2,2,1,0.39966345974762724,0.39966345974762724,False
NC(=O)c1ncn([C@@H]2O[C@H](CO)[C@@H](O)[C@H]2O)n1,CO,2,2,1,0.18609171462401936,0.18609171462401936,False
NC(=O)c1ncn([C@@H]2O[C@H](CO)[C@@H](O)[C@H]2O)n1,O,2,2,1,0.10213902623122746,0.10213902623122746,False
NC(N)=C([N+](=O)[O-])[N+](=O)[O-],CS(C)=O,2,2,1,0.025610489956528062,0.025610489956528062,False
NC(N)=S,CC#N,2,2,1,0.27791990365269664,0.27791990365269664,False
NC(N)=S,CC(C)O,2,2,1,0.07343364663318042,0.07343364663318042,False
NC(N)=S,CCCCO,2,2,1,0.06278368521174572,0.06278368521174572,False
NC(N)=S,CCCO,2,2,1,0.020076726535353237,0.020076726535353237,False
NC(N)=S,CCO,2,2,1,0.005946650827090643,0.005946650827090643,False
NC(N)=S,CCOC(C)=O,2,2,1,0.4972386910372843,0.4972386910372843,False
NC(N)=S,CO,2,2,1,0.020213761178819994,0.020213761178819994,False
NC(N)=S,O,2,2,1,0.02085743118495338,0.02085743118495338,False
NCC(CC(=O)O)c1ccc(Cl)cc1,CC(C)O,2,2,1,0.03873262658513304,0.03873262658513304,False
NCC(CC(=O)O)c1ccc(Cl)cc1,CCCO,2,2,1,0.04919726688748033,0.04919726688748033,False
NCC(CC(=O)O)c1ccc(Cl)cc1,CCO,2,2,1,0.040038813961651154,0.040038813961651154,False
NCC(CC(=O)O)c1ccc(Cl)cc1,CO,2,2,1,0.06261834398117556,0.06261834398117556,False
NCCS(=O)(=O)O,O,2,2,1,0.05405804725717761,0.05405804725717761,False
NNC(=O)c1ccncc1,CCO,2,2,1,0.04613562774385471,0.04613562774385471,False
NNC(=O)c1ccncc1,CCOC(C)=O,2,2,1,0.05118848669867869,0.05118848669867869,False
NNC(=O)c1ccncc1,CO,2,2,1,0.021159031674125608,0.021159031674125608,False
NS(=O)(=O)Cc1noc2ccccc12,CC#N,2,2,1,0.01924700847613117,0.01924700847613117,False
NS(=O)(=O)Cc1noc2ccccc12,CC(C)O,2,2,1,0.022232262763933603,0.022232262763933603,False
NS(=O)(=O)Cc1noc2ccccc12,CCO,2,2,1,0.012837660948501868,0.012837660948501868,False
NS(=O)(=O)Cc1noc2ccccc12,CN(C)C=O,2,2,1,0.042992285595871906,0.042992285595871906,False
N[C@@H](Cc1c[nH]c2ccccc12)C(=O)O,CCO,2,2,1,0.014881829724879751,0.014881829724879751,False
N[C@@H](Cc1c[nH]c2ccccc12)C(=O)O,O,2,2,1,0.060598471458124636,0.060598471458124636,False
N[C@@H](Cc1ccccc1)C(=O)O,CCO,2,2,1,0.1462001250680091,0.1462001250680091,False
N[C@@H](Cc1ccccc1)C(=O)O,CO,2,2,1,0.2486900857642451,0.2486900857642451,False
N[C@@H](Cc1ccccc1)C(=O)O,O,2,2,1,0.06566198097482365,0.06566198097482365,False
Nc1ccc(O)c(C(=O)O)c1,CCO,2,2,1,1.5743491822780906,1.5743491822780906,True
Nc1ccc(O)c(C(=O)O)c1,O,3,3,3,0.07262397016763626,0.1089359552514544,False
Nc1ccc(S(=O)(=O)Nc2ccccn2)cc1,O,2,2,1,0.08070558705276726,0.08070558705276726,False
Nc1ccc(S(=O)(=O)Nc2ncccn2)cc1,CCCO,2,2,1,0.4352383330796982,0.4352383330796982,True
Nc1ccc(S(=O)(=O)Nc2ncccn2)cc1,CCO,2,2,1,0.2182084589996233,0.2182084589996233,False
Nc1ccc(S(=O)(=O)Nc2ncccn2)cc1,CO,2,2,1,0.09792406854231288,0.09792406854231288,False
Nc1ccc(S(=O)(=O)Nc2ncccn2)cc1,O,3,3,3,0.02436047572321648,0.03347441562525044,False
Nc1ccc(S(=O)(=O)c2ccc(N)cc2)cc1,CC(C)=O,2,2,1,0.014853988773712159,0.014853988773712159,False
Nc1ccc(S(=O)(=O)c2ccc(N)cc2)cc1,CCO,2,2,1,0.016361397604044148,0.016361397604044148,False
Nc1ccc(S(=O)(=O)c2ccc(N)cc2)cc1,CCOC(C)=O,2,2,1,0.0054503228045076945,0.0054503228045076945,False
Nc1ccc(S(=O)(=O)c2ccc(N)cc2)cc1,CO,2,2,1,0.02779293188330714,0.02779293188330714,False
Nc1ccc(S(N)(=O)=O)cc1,CC(C)=O,2,2,1,0.008194799180295982,0.008194799180295982,False
Nc1ccc(S(N)(=O)=O)cc1,CC(C)O,2,2,1,0.05208562743845399,0.05208562743845399,False
Nc1ccc(S(N)(=O)=O)cc1,CCC(C)O,2,2,1,0.10101430574472293,0.10101430574472293,False
Nc1ccc(S(N)(=O)=O)cc1,CCCCCCCCO,2,2,1,0.015080882590638112,0.015080882590638112,False
Nc1ccc(S(N)(=O)=O)cc1,CCCCO,2,2,1,0.08150010626127625,0.08150010626127625,False
Nc1ccc(S(N)(=O)=O)cc1,CCCO,2,2,1,0.041000261672213156,0.041000261672213156,False
Nc1ccc(S(N)(=O)=O)cc1,CCO,3,3,3,0.0501352833653847,0.07187521859862646,False
Nc1ccc(S(N)(=O)=O)cc1,CO,2,2,1,0.020964414454956653,0.020964414454956653,False
Nc1ccc(S(N)(=O)=O)cc1,Cc1ccccc1,2,2,1,0.02251115647330502,0.02251115647330502,False
Nc1ccc(S(N)(=O)=O)cc1,O,3,3,3,0.030349118182396745,0.04293976454844817,False
Nc1cccc(C(=O)O)c1O,O,2,2,1,0.019679112693890284,0.019679112693890284,False
Nc1ccccn1,CCO,2,2,1,0.060006182617018365,0.060006182617018365,False
Nc1nnc(-c2cccc(Cl)c2Cl)c(N)n1,O,4,4,6,0.24627401093822773,0.40543973836087766,False
O=C(/C=C/C=C/c1ccc2c(c1)OCO2)N1CCCCC1,CCO,2,2,1,0.015927432662642536,0.015927432662642536,False
O=C(/C=C/C=C/c1ccc2c(c1)OCO2)N1CCCCC1,CCOC(C)=O,2,2,1,0.3526562724266249,0.3526562724266249,False
O=C(Nc1ccc(F)cc1F)c1cccnc1Oc1cccc(C(F)(F)F)c1,CC(C)O,2,2,1,0.014897466801195027,0.014897466801195027,False
O=C(Nc1ccc(F)cc1F)c1cccnc1Oc1cccc(C(F)(F)F)c1,CCO,2,2,1,0.009432549811757606,0.009432549811757606,False
O=C(Nc1ccc(F)cc1F)c1cccnc1Oc1cccc(C(F)(F)F)c1,CO,2,2,1,0.01907402207024551,0.01907402207024551,False
O=C(O)C(=O)O,CCO,2,2,1,0.3782760774520222,0.3782760774520222,False
O=C(O)C(=O)O,CCOC(C)=O,2,2,1,0.48311260981558135,0.48311260981558135,False
O=C(O)C(=O)O,O,2,2,1,0.043781854082744126,0.043781854082744126,False
O=C(O)CC(=O)O,CCOC(C)=O,2,2,1,0.7376314549380211,0.7376314549380211,True
O=C(O)CC(O)(CC(=O)O)C(=O)O,CCO,2,2,1,0.07206818789228961,0.07206818789228961,False
O=C(O)CC(O)(CC(=O)O)C(=O)O,O,2,2,1,0.01259963494616741,0.01259963494616741,False
O=C(O)CCC(=O)O,CC(=O)O,3,3,3,0.06726294574629252,0.09785808957943361,False
O=C(O)CCC(=O)O,CC(C)=O,2,2,1,0.03974782619162684,0.03974782619162684,False
O=C(O)CCC(=O)O,CCO,3,3,3,0.11761510538556175,0.1705364342864494,False
O=C(O)CCC(=O)O,O,3,3,3,0.10068442584786323,0.14472539586575542,False
O=C(O)CCC(=O)O,O=C1CCCCC1,3,3,3,0.008393620004116914,0.012737370461989432,False
O=C(O)CCCC(=O)O,CC(=O)O,2,2,1,0.07055827781742607,0.07055827781742607,False
O=C(O)CCCC(=O)O,O,2,2,1,0.03364069020356627,0.03364069020356627,False
O=C(O)CCCC(=O)O,O=C1CCCCC1,3,3,3,0.04042372369526547,0.06339267143833908,False
O=C(O)CCCCC(=O)O,CC(=O)O,3,3,3,0.025108349377870532,0.03641001281909449,False
O=C(O)CCCCC(=O)O,CC(C)=O,2,2,1,0.10484943622660808,0.10484943622660808,False
O=C(O)CCCCC(=O)O,O,2,2,1,0.16076747084876553,0.16076747084876553,False
O=C(O)CCCCC(=O)O,O=C1CCCCC1,4,4,6,0.016384810426691206,0.026424488340736,False
O=C(O)CCCCCC(=O)O,CCO,2,2,1,0.04760919766216545,0.04760919766216545,False
O=C(O)CCCCCCC(=O)O,CC(C)=O,2,2,1,0.11259041071271736,0.11259041071271736,False
O=C(O)CCCCCCC(=O)O,CCO,2,2,1,0.02044199439070181,0.02044199439070181,False
O=C(O)CCCCCCC(=O)O,CCOC(C)=O,2,2,1,0.047200282789042786,0.047200282789042786,False
O=C(O)CCCCCCC(=O)O,O,2,2,1,0.11604221182777597,0.11604221182777597,False
O=C(O)CCCCCCCC(=O)O,CC(=O)O,2,2,1,0.13426431282973367,0.13426431282973367,False
O=C(O)CCCCCCCC(=O)O,CC(C)=O,2,2,1,0.13984723357686274,0.13984723357686274,False
O=C(O)CCCCCCCC(=O)O,CCO,2,2,1,0.10750173943845177,0.10750173943845177,False
O=C(O)CCCCCCCCCCC(=O)O,CC(=O)O,2,2,1,0.02995085044919321,0.02995085044919321,False
O=C(O)CCCCCCCCCCC(=O)O,CC(C)=O,2,2,1,0.02497815735131957,0.02497815735131957,False
O=C(O)CCCCCCCCCCC(=O)O,CCO,2,2,1,0.019739582723837072,0.019739582723837072,False
O=C(O)CCCCCCCCCCC(=O)O,CCOC(C)=O,2,2,1,0.014437590364341939,0.014437590364341939,False
O=C(O)[C@@H]1CCCN1,CCO,2,2,1,0.021154735939520244,0.021154735939520244,False
O=C(O)[C@@H]1CCCN1,CO,2,2,1,0.04304776041898455,0.04304776041898455,False
O=C(O)c1cc(O)c(O)c(O)c1,O,5,5,10,0.11457472500638821,0.2339789711217111,False
O=C(O)c1ccc(C(=O)O)cc1,CC(=O)N(C)C,2,2,1,0.13024288652309515,0.13024288652309515,False
O=C(O)c1ccc(C(=O)O)cc1,CN1CCCC1=O,2,2,1,0.6032479332330768,0.6032479332330768,False
O=C(O)c1ccc(C(=O)O)o1,CC(=O)O,2,2,1,0.12897056768370851,0.12897056768370851,False
O=C(O)c1ccc(C(=O)O)o1,CO,2,2,1,0.08018191484923065,0.08018191484923065,False
O=C(O)c1ccc(C(=O)O)o1,O,2,2,1,0.04720469711653903,0.04720469711653903,False
O=C(O)c1ccc(Cl)cc1Cl,CCO,2,2,1,0.06580055479410636,0.06580055479410636,False
O=C(O)c1cccc(C(=O)O)c1,CC(C)O,2,2,1,0.008373488878433604,0.008373488878433604,False
O=C(O)c1cccc(C(=O)O)c1,CCC(C)O,2,2,1,0.09456142326560912,0.09456142326560912,False
O=C(O)c1cccc(C(=O)O)c1,CCCCO,2,2,1,0.0339775061333572,0.0339775061333572,False
O=C(O)c1cccc(C(=O)O)c1,CCCO,3,3,3,0.08809445910628945,0.12694803865065224,False
O=C(O)c1cccc(C(=O)O)c1,CCO,2,2,1,0.01315096263597358,0.01315096263597358,False
O=C(O)c1cccc(C(=O)O)c1,CO,3,3,3,0.01878734747689925,0.026073634376811716,False
O=C(O)c1cccc([N+](=O)[O-])c1C(=O)O,O,2,2,1,0.11444076166994513,0.11444076166994513,False
O=C(O)c1ccccc1Nc1ccccc1,CCO,2,2,1,0.11382288858746713,0.11382288858746713,False
O=C(O)c1ccccc1Nc1ccccc1,CO,2,2,1,0.10220223893931252,0.10220223893931252,False
O=C(O)c1ccccc1O,CC(C)=O,3,3,1,0.19325445718759723,0.19325445718759723,False
O=C(O)c1ccccc1O,CCCO,2,2,1,0.06243377310595406,0.06243377310595406,False
O=C(O)c1ccccc1O,O,4,3,3,0.07597643065166522,0.11327307832580992,False
O=C(O)c1cccnc1,CC(C)=O,2,2,1,0.03579273172760278,0.03579273172760278,False
O=C(O)c1cccnc1,CCO,2,2,1,0.04105133419070645,0.04105133419070645,False
O=C(O)c1cccnc1,CS(C)=O,2,2,1,0.011466779112155177,0.011466779112155177,False
O=C(O)c1cccnc1,O,2,2,1,0.06057463957853881,0.06057463957853881,False
O=C(O)c1ccco1,O,2,2,1,0.09197249689177767,0.09197249689177767,False
O=C(c1ccccc1)C(O)c1ccccc1,CC(C)=O,2,2,1,0.11036109840194083,0.11036109840194083,False
O=C(c1ccccc1)C(O)c1ccccc1,CCCCO,2,2,1,0.0876707829504638,0.0876707829504638,False
O=C(c1ccccc1)C(O)c1ccccc1,CCCO,2,2,1,0.0826825578437777,0.0826825578437777,False
O=C(c1ccccc1)C(O)c1ccccc1,CCO,2,2,1,0.03763522052683496,0.03763522052683496,False
O=C(c1ccccc1)C(O)c1ccccc1,CCOC(C)=O,2,2,1,0.03858256135350785,0.03858256135350785,False
O=C(c1ccccc1)C(O)c1ccccc1,CO,2,2,1,0.08151143083178099,0.08151143083178099,False
O=C1CC[C@@H](C(=O)O)N1,CC(C)O,2,2,1,0.25206672978336,0.25206672978336,False
O=C1CC[C@@H](C(=O)O)N1,CCCO,2,2,1,0.22391651960242565,0.22391651960242565,False
O=C1CC[C@@H](C(=O)O)N1,CCO,2,2,1,0.007912750594944385,0.007912750594944385,False
O=C1CC[C@@H](C(=O)O)N1,CO,2,2,1,0.03194785176561187,0.03194785176561187,False
O=C1N=NC([N+](=O)[O-])=N1,O,2,2,1,0.03283414485054829,0.03283414485054829,False
O=C1NC(=O)C(c2ccccc2)(c2ccccc2)N1,O,3,3,3,0.15069248546760508,0.21948257916065944,False
O=C1NS(=O)(=O)c2ccccc21,CC(C)O,2,2,1,0.09944929152336518,0.09944929152336518,False
O=C1NS(=O)(=O)c2ccccc21,CCO,2,2,1,0.037279481328142315,0.037279481328142315,False
O=C1NS(=O)(=O)c2ccccc21,CO,2,2,1,0.058110971028352255,0.058110971028352255,False
O=C1O[C@H]([C@@H](O)CO)C(O)=C1O,CC(C)O,2,2,1,0.5785506592784113,0.5785506592784113,False
O=C1O[C@H]([C@@H](O)CO)C(O)=C1O,CCO,2,2,1,0.31949515337052764,0.31949515337052764,False
O=C1O[C@H]([C@@H](O)CO)C(O)=C1O,CO,2,2,1,0.22134131279555222,0.22134131279555222,False
O=C1O[C@H]([C@@H](O)CO)C(O)=C1O,O,3,3,3,0.022953418799638785,0.03464430105574289,False
O=C1c2cccc(O)c2C(=O)c2c(O)cc(CO)cc21,CCO,2,2,1,0.012344926521552009,0.012344926521552009,False
O=C1c2cccc(O)c2C(=O)c2c(O)cc(CO)cc21,O,2,2,1,0.011313741304068654,0.011313741304068654,False
O=C1c2ccccc2-c2ccccc21,CCCCO,2,2,1,0.1846594579783927,0.1846594579783927,False
O=C1c2ccccc2-c2ccccc21,CCO,2,2,1,0.2906607960150988,0.2906607960150988,False
O=C1c2ccccc2-c2ccccc21,CCOC(C)=O,2,2,1,0.018024061336042507,0.018024061336042507,False
O=Cc1cc([N+](=O)[O-])ccc1O,CC#N,2,2,1,0.007926402296692173,0.007926402296692173,False
O=Cc1cc([N+](=O)[O-])ccc1O,CC(C)O,2,2,1,0.00974830834357173,0.00974830834357173,False
O=Cc1cc([N+](=O)[O-])ccc1O,CCO,2,2,1,0.017778576287460483,0.017778576287460483,False
O=Cc1cc([N+](=O)[O-])ccc1O,CO,2,2,1,0.009394263283457117,0.009394263283457117,False
O=Cc1cc([N+](=O)[O-])ccc1O,O,2,2,1,0.022947476801550102,0.022947476801550102,False
O=P(O)(O)c1ccccc1,CC(C)=O,2,2,1,0.04494847895106243,0.04494847895106243,False
O=P(O)(O)c1ccccc1,CCCO,2,2,1,0.1758960190340508,0.1758960190340508,False
O=P(Oc1ccccc1)(Oc1ccccc1)N1CCN(P(=O)(Oc2ccccc2)Oc2ccccc2)CC1,ClCCl,2,2,1,0.010021402732803608,0.010021402732803608,False
O=S(=O)(c1ccc(O)cc1)c1ccc(O)cc1,CC#N,2,2,1,0.5149691550221548,0.5149691550221548,False
O=[N+]([O-])/N=C1\NCCN1Cc1ccc(Cl)nc1,CC(C)=O,2,2,1,0.023105143534755238,0.023105143534755238,False
O=[N+]([O-])/N=C1\NCCN1Cc1ccc(Cl)nc1,CCCO,2,2,1,0.014439675604721225,0.014439675604721225,False
O=[N+]([O-])/N=C1\NCCN1Cc1ccc(Cl)nc1,CCO,3,3,3,0.08141409354134663,0.11684440458091347,False
O=[N+]([O-])/N=C1\NCCN1Cc1ccc(Cl)nc1,CO,3,3,3,0.0317389029414882,0.04250117982153867,False
O=[N+]([O-])/N=C1\NCCN1Cc1ccc(Cl)nc1,O,2,2,1,0.012450961696846749,0.012450961696846749,False
O=[N+]([O-])N1C2C3N([N+](=O)[O-])C1C1N([N+](=O)[O-])C(C(N1[N+](=O)[O-])N3[N+](=O)[O-])N2[N+](=O)[O-],CCOC(C)=O,2,2,1,0.024233865515138026,0.024233865515138026,False
O=[N+]([O-])N1CN([N+](=O)[O-])CN([N+](=O)[O-])CN([N+](=O)[O-])C1,CC#N,3,3,3,0.48280400384871297,0.730541749287771,True
O=[N+]([O-])N1CN([N+](=O)[O-])CN([N+](=O)[O-])CN([N+](=O)[O-])C1,CC(C)=O,4,4,6,0.03222664024055668,0.06106347627628393,False
O=[N+]([O-])N1CN([N+](=O)[O-])CN([N+](=O)[O-])CN([N+](=O)[O-])C1,CN1CCCC1=O,2,2,1,0.03990382393119852,0.03990382393119852,False
O=[N+]([O-])N1CN([N+](=O)[O-])CN([N+](=O)[O-])CN([N+](=O)[O-])C1,CS(C)=O,3,3,3,0.04066277832604171,0.061590359222769314,False
O=[N+]([O-])c1cn[nH]c1,CC#N,2,2,1,0.06478001742175406,0.06478001742175406,False
O=[N+]([O-])c1cn[nH]c1,CCO,2,2,1,0.4321599871437079,0.4321599871437079,False
O=[N+]([O-])c1cn[nH]c1,CO,2,2,1,0.40750569847427875,0.40750569847427875,False
O=[N+]([O-])c1cn[nH]c1,O,2,2,1,0.049086799723956555,0.049086799723956555,False
O=[N+]([O-])c1nonc1-c1no[n+]([O-])c1-c1nonc1[N+](=O)[O-],CCO,2,2,1,0.16676057009277928,0.16676057009277928,False
O=[N+]([O-])c1nonc1-c1no[n+]([O-])c1-c1nonc1[N+](=O)[O-],CO,2,2,1,0.0572055360462752,0.0572055360462752,False
O=[N+]([O-])c1nonc1-c1no[n+]([O-])c1-c1nonc1[N+](=O)[O-],O,2,2,1,3.4284349932699065,3.4284349932699065,True
O=c1[nH]cc(F)c(=O)[nH]1,CC(C)O,2,2,1,0.16224477153187822,0.16224477153187822,False
O=c1[nH]cc(F)c(=O)[nH]1,CCCCO,2,2,1,0.14473741432030976,0.14473741432030976,False
O=c1[nH]cc(F)c(=O)[nH]1,CCCO,2,2,1,0.3479318962715374,0.3479318962715374,False
O=c1[nH]cc(F)c(=O)[nH]1,CCO,3,3,3,0.13418207611411206,0.20025311473910914,False
O=c1[nH]cc(F)c(=O)[nH]1,CO,2,2,1,0.17954779073866056,0.17954779073866056,False
O=c1[nH]cc(F)c(=O)[nH]1,O,4,3,3,0.03684817219402054,0.05228645404895881,False
O=c1c2ccccc2nc2n1CCc1c-2[nH]c2ccccc12,CC(C)=O,2,2,1,0.015653589622375175,0.015653589622375175,False
O=c1c2ccccc2nc2n1CCc1c-2[nH]c2ccccc12,CC(C)O,2,2,1,0.02142929825178096,0.02142929825178096,False
O=c1c2ccccc2nc2n1CCc1c-2[nH]c2ccccc12,CCO,2,2,1,0.12633487736316978,0.12633487736316978,False
O=c1c2ccccc2nc2n1CCc1c-2[nH]c2ccccc12,CO,2,2,1,0.026480755546246525,0.026480755546246525,False
O=c1cc(-c2ccc(O)c(O)c2)oc2cc(O)cc(O)c12,CCO,2,2,1,0.009905470213782323,0.009905470213782323,False
O=c1cc(-c2ccc(O)c(O)c2)oc2cc(O)cc(O)c12,O,2,2,1,0.6832600696262174,0.6832600696262174,False
O=c1cc(-c2ccc(O)cc2)oc2cc(O)cc(O)c12,CCCCO,2,2,1,0.019433173765857112,0.019433173765857112,False
O=c1cc(-c2ccc(O)cc2)oc2cc(O)cc(O)c12,CCO,2,2,1,0.04332490393054605,0.04332490393054605,False
O=c1cc(-c2ccc(O)cc2)oc2cc(O)cc(O)c12,CCOC(C)=O,2,2,1,0.006959120423641123,0.006959120423641123,False
O=c1cc(-c2ccc(O)cc2)oc2cc(O)cc(O)c12,CO,2,2,1,0.06225793413837993,0.06225793413837993,False
O=c1cc(-c2ccc(O)cc2)oc2cc(O)cc(O)c12,O,2,2,1,0.06189512904222231,0.06189512904222231,False
O=c1cc(-c2ccccc2)oc2cc(O)cc(O)c12,CCO,2,2,1,1.1296129703977784,1.1296129703977784,True
O=c1cc(-c2ccccc2)oc2cc(O)cc(O)c12,O,2,2,1,3.2062312307903373,3.2062312307903373,True
O=c1cc(CBr)c2ccccc2[nH]1,CC(C)O,2,2,1,0.010729940132489279,0.010729940132489279,False
O=c1cc(CBr)c2ccccc2[nH]1,CCCO,2,2,1,0.013944481055214841,0.013944481055214841,False
O=c1cc(CBr)c2ccccc2[nH]1,CCO,2,2,1,0.014701129313667146,0.014701129313667146,False
O=c1cc(CBr)c2ccccc2[nH]1,CN1CCCC1=O,2,2,1,0.011419851405097924,0.011419851405097924,False
OC(Cn1cncn1)(Cn1cncn1)c1ccc(F)cc1F,CCO,2,2,1,0.061279414325468635,0.061279414325468635,False
OC[C@H]1O[C@@H](Oc2ccc(O)cc2)[C@H](O)[C@@H](O)[C@@H]1O,CC#N,2,2,1,0.11967383934279392,0.11967383934279392,False
OC[C@H]1O[C@@H](Oc2ccc(O)cc2)[C@H](O)[C@@H](O)[C@@H]1O,CC(C)=O,2,2,1,0.034831484029862976,0.034831484029862976,False
OC[C@H]1O[C@@H](Oc2ccc(O)cc2)[C@H](O)[C@@H](O)[C@@H]1O,CC(C)O,2,2,1,0.04198970659480989,0.04198970659480989,False
OC[C@H]1O[C@@H](Oc2ccc(O)cc2)[C@H](O)[C@@H](O)[C@@H]1O,CCCO,2,2,1,0.017064089268986005,0.017064089268986005,False
OC[C@H]1O[C@@H](Oc2ccc(O)cc2)[C@H](O)[C@@H](O)[C@@H]1O,CCO,2,2,1,0.02389682649328922,0.02389682649328922,False
OC[C@H]1O[C@@H](Oc2ccc(O)cc2)[C@H](O)[C@@H](O)[C@@H]1O,CCOC(C)=O,2,2,1,0.22069729502946656,0.22069729502946656,False
OC[C@H]1O[C@@H](Oc2ccc(O)cc2)[C@H](O)[C@@H](O)[C@@H]1O,CO,2,2,1,0.01587449971450517,0.01587449971450517,False
O[C@H]1[C@H](O)[C@@H](O)[C@H](O)[C@@H](O)[C@H]1O,O,2,2,1,0.06059342869564835,0.06059342869564835,False
Oc1ccc(/C=C/c2cc(O)cc(O)c2)cc1,CCCCO,2,2,1,0.24336633416944137,0.24336633416944137,False
Oc1ccc(/C=C/c2cc(O)cc(O)c2)cc1,CCCO,2,2,1,0.20194595827654427,0.20194595827654427,False
Oc1ccc(/C=C/c2cc(O)cc(O)c2)cc1,CCO,2,2,1,0.1881755559185437,0.1881755559185437,False
Oc1ccc(/C=C/c2cc(O)cc(O)c2)cc1,CO,3,2,1,0.1753043919256596,0.1753043919256596,False
Oc1ccc(/C=C/c2cc(O)cc(O)c2)cc1,O,2,2,1,0.07858493858361466,0.07858493858361466,False
Oc1ccc(OCc2ccccc2)cc1,CC(C)O,2,2,1,0.22848418617050206,0.22848418617050206,False
Oc1ccc(OCc2ccccc2)cc1,CCCO,2,2,1,0.0651558066146462,0.0651558066146462,False
Oc1ccc(OCc2ccccc2)cc1,CCO,2,2,1,0.09598940914002595,0.09598940914002595,False
Oc1ccc(OCc2ccccc2)cc1,O,2,2,1,0.2566507612241494,0.2566507612241494,False
c1cc2ccc3cccc4ccc(c1)c2c34,CCC(C)(C)C(C)C,3,2,1,0.026456917172586494,0.026456917172586494,False
c1cc2ccc3cccc4ccc(c1)c2c34,Cc1ccccc1,2,2,1,0.0985376342336399,0.0985376342336399,False
c1ccc(-c2ccc(C(c3ccccc3)n3ccnc3)cc2)cc1,CC(C)O,2,2,1,0.15816968795016964,0.15816968795016964,False
c1ccc(-c2ccc(C(c3ccccc3)n3ccnc3)cc2)cc1,CCCO,2,2,1,0.18646002891882466,0.18646002891882466,False
c1ccc2[nH]c(-c3cscn3)nc2c1,CC#N,2,2,1,0.01632388438192015,0.01632388438192015,False
c1ccc2[nH]c(-c3cscn3)nc2c1,CC(C)O,2,2,1,0.010578551159276823,0.010578551159276823,False
c1ccc2[nH]c(-c3cscn3)nc2c1,CCCO,2,2,1,0.015525284030868782,0.015525284030868782,False
c1ccc2[nH]c(-c3cscn3)nc2c1,CO,2,2,1,0.007375785903509286,0.007375785903509286,False
c1ccc2c(c1)Cc1ccccc1-2,CC(C)=O,2,2,1,0.01324889326335368,0.01324889326335368,False
c1ccc2c(c1)Cc1ccccc1-2,CC(C)O,2,2,1,0.2521328920260759,0.2521328920260759,False
c1ccc2c(c1)Cc1ccccc1-2,CCCO,2,2,1,0.09131862449879989,0.09131862449879989,False
c1ccc2c(c1)Cc1ccccc1-2,CCO,2,2,1,0.015338643602756774,0.015338643602756774,False
c1ccc2c(c1)ccc1ccccc12,CCC(C)(C)C(C)C,2,2,1,0.20077752903095272,0.20077752903095272,False
c1ccc2c(c1)sc1ccccc12,CC#N,3,3,3,0.505166287381021,0.7601108234076904,True
c1ccc2c(c1)sc1ccccc12,CCO,2,2,1,0.031593663306389665,0.031593663306389665,False
c1ccc2c(c1)sc1ccccc12,CO,2,2,1,0.7529756240246335,0.7529756240246335,True
c1ccc2ccccc2c1,CC(C)=O,2,2,1,0.023999289518477858,0.023999289518477858,False
