Solute_Canon,Solvent_Canon,pair_MAE,n_contributing_groups,n_rows,n_rows_sigma_defined,median_sigma,tier_gold,tier_silver,tier_bronze
C#C[C@]1(O)CC[C@H]2[C@@H]3CCC4=CC(=O)CC[C@@H]4[C@H]3C(=C)C[C@@]21CC,CC(C)O,0.0260513294398481,2,11,10,0.019871294530089068,True,True,True
C#C[C@]1(O)CC[C@H]2[C@@H]3CCC4=CC(=O)CC[C@@H]4[C@H]3C(=C)C[C@@]21CC,CCCO,0.0175544297894993,2,11,10,0.014998745134818608,True,True,True
C#C[C@]1(O)CC[C@H]2[C@@H]3CCC4=CC(=O)CC[C@@H]4[C@H]3C(=C)C[C@@]21CC,CN(C)C=O,0.0193376488779197,2,11,10,0.0145413122492251,True,True,True
C#C[C@]1(O)CC[C@H]2[C@@H]3CCC4=CC(=O)CC[C@@H]4[C@H]3C(=C)C[C@@]21CC,O,0.0164950483672183,2,11,10,0.012628956813364456,True,True,True
C=C(C)[C@@H]1CC[C@]2(CO)CC[C@]3(C)[C@H](CC[C@@H]4[C@@]5(C)CC[C@H](O)C(C)(C)[C@@H]5CC[C@]43C)[C@@H]12,CC(C)=O,0.0478881153934501,2,5,4,0.044680472807493064,True,True,True
C=C(C)[C@@H]1CC[C@]2(CO)CC[C@]3(C)[C@H](CC[C@@H]4[C@@]5(C)CC[C@H](O)C(C)(C)[C@@H]5CC[C@]43C)[C@@H]12,CCCCCO,0.169028158229588,2,10,4,0.1198229057030405,False,True,True
C=C(C)[C@@H]1CC[C@]2(CO)CC[C@]3(C)[C@H](CC[C@@H]4[C@@]5(C)CC[C@H](O)C(C)(C)[C@@H]5CC[C@]43C)[C@@H]12,CCO,0.1157508788788013,2,5,4,0.0870075606132745,False,True,True
C=C1CC[C@H](O)C/C1=C/C=C1\CCC[C@]2(C)[C@@H]([C@H](C)CCCC(C)C)CC[C@@H]12,O,0.0106585617434929,2,5,5,0.012,True,True,True
CC(=O)CCc1ccc(O)cc1,CC(C)=O,0.0047992553541985,2,11,5,0.012,True,True,True
CC(=O)CCc1ccc(O)cc1,CCCCO,0.1339981816937916,2,11,5,0.08919117764734956,False,True,True
CC(=O)CCc1ccc(O)cc1,CCCO,0.010363725227419,2,11,5,0.012,True,True,True
CC(=O)CCc1ccc(O)cc1,CCO,0.0148481928327428,2,11,5,0.012,True,True,True
CC(=O)CCc1ccc(O)cc1,CCOC(C)=O,0.0606965812525589,2,11,5,0.04177822432760099,True,True,True
CC(=O)N1CCN(c2ccc(OC[C@@H]3CO[C@@](Cn4ccnc4)(c4ccc(Cl)cc4Cl)O3)cc2)CC1,CC(C)O,0.045758732188222,2,5,5,0.03303545118844608,True,True,True
CC(=O)N1CCN(c2ccc(OC[C@@H]3CO[C@@](Cn4ccnc4)(c4ccc(Cl)cc4Cl)O3)cc2)CC1,CC(O)CO,0.0321433911232458,2,5,5,0.02991009592823823,True,True,True
CC(=O)N1CCN(c2ccc(OC[C@@H]3CO[C@@](Cn4ccnc4)(c4ccc(Cl)cc4Cl)O3)cc2)CC1,CCO,0.0862812779497706,2,5,5,0.06303234950972765,True,True,True
CC(=O)N1CCN(c2ccc(OC[C@@H]3CO[C@@](Cn4ccnc4)(c4ccc(Cl)cc4Cl)O3)cc2)CC1,CN1CCCC1=O,0.0279313457425242,2,5,5,0.023911982686774427,True,True,True
CC(=O)N1CCN(c2ccc(OC[C@@H]3CO[C@@](Cn4ccnc4)(c4ccc(Cl)cc4Cl)O3)cc2)CC1,O,0.0417664260753749,2,6,4,0.024772505211632698,True,True,True
CC(=O)NCC(=O)O,CC(C)O,0.0677084070782752,2,21,16,0.05140957253653794,True,True,True
CC(=O)NCC(=O)O,CCCCO,0.0454756665699485,2,21,16,0.041289390237830556,True,True,True
CC(=O)NCC(=O)O,CCCO,0.0449541755961631,2,21,16,0.03621249263514241,True,True,True
CC(=O)NCC(=O)O,CCO,0.0066657129577423,2,21,16,0.012,True,True,True
CC(=O)NCC(=O)O,CO,0.0614996188760694,2,21,16,0.04490594984115505,True,True,True
CC(=O)Nc1ccc(O)cc1,CC(C)O,0.0141529834187537,2,14,2,0.012,True,True,True
CC(=O)Nc1ccc(O)cc1,CCO,0.013118946995527,3,17,9,0.012,True,True,True
CC(=O)Nc1ccc(O)cc1,O,0.0385799371643147,6,15,12,0.03139454039818115,True,True,True
CC(=O)Nc1ccc(OC(=O)c2ccccc2OC(C)=O)cc1,CC#N,0.2671575309957218,2,9,9,0.18475743874251482,False,False,True
CC(=O)Nc1ccc(OC(=O)c2ccccc2OC(C)=O)cc1,CC(C)O,0.2281556460967439,3,9,9,0.18524471721890065,False,False,True
CC(=O)Nc1ccc(OC(=O)c2ccccc2OC(C)=O)cc1,CCCCO,0.2342912071579894,2,9,9,0.16604630009228183,False,False,True
CC(=O)Nc1ccc(OC(=O)c2ccccc2OC(C)=O)cc1,CCCO,0.4304578843074256,2,9,9,0.30824885005503266,False,False,True
CC(=O)Nc1ccc(OC(=O)c2ccccc2OC(C)=O)cc1,CCO,0.1878055040993799,3,9,9,0.16127868340974108,False,True,True
CC(=O)Nc1ccc(OC(=O)c2ccccc2OC(C)=O)cc1,CCOC(C)=O,0.2824076456334493,2,9,9,0.19994480946500484,False,False,True
CC(=O)Nc1ccc(OC(=O)c2ccccc2OC(C)=O)cc1,CN(C)C=O,0.0214770551172917,2,9,7,0.016858041549102226,True,True,True
CC(=O)Nc1ccc(OC(=O)c2ccccc2OC(C)=O)cc1,CN1CCCC1=O,0.0358600263459921,2,9,9,0.02421511712603112,True,True,True
CC(=O)Nc1ccc(OC(=O)c2ccccc2OC(C)=O)cc1,COC(C)=O,0.0274057094368004,2,10,9,0.015758234623366823,True,True,True
CC(=O)Oc1ccc(C(c2ccc(OC(C)=O)cc2)c2ccccn2)cc1,CC(C)O,0.0177907229228248,2,10,5,0.012,True,True,True
CC(=O)Oc1ccc(C(c2ccc(OC(C)=O)cc2)c2ccccn2)cc1,CCO,0.012061953014789,2,10,5,0.012,True,True,True
CC(=O)Oc1ccc(C(c2ccc(OC(C)=O)cc2)c2ccccn2)cc1,CO,0.0143259783717303,2,10,5,0.012,True,True,True
CC(=O)Oc1ccc(C(c2ccc(OC(C)=O)cc2)c2ccccn2)cc1,O,0.0183378403500084,2,10,5,0.013068310558822084,True,True,True
CC(=O)Oc1ccccc1C(=O)Nc1ncc([N+](=O)[O-])s1,CC(C)O,0.0171788242971327,2,11,8,0.014310381816965732,True,True,True
CC(=O)Oc1ccccc1C(=O)Nc1ncc([N+](=O)[O-])s1,CN(C)C=O,0.0119697199795459,2,11,8,0.012,True,True,True
CC(=O)Oc1ccccc1C(=O)Nc1ncc([N+](=O)[O-])s1,CN1CCCC1=O,0.0090979529741232,2,11,8,0.012,True,True,True
CC(=O)Oc1ccccc1C(=O)O,CCCO,0.0251419222936707,2,20,17,0.015554961569806154,True,True,True
CC(=O)Oc1ccccc1C(=O)O,CCOC(C)=O,0.0962703041492487,2,18,16,0.06347031396616953,True,True,True
CC(C)(Oc1ccc(CCNC(=O)c2ccc(Cl)cc2)cc1)C(=O)O,CC(C)O,0.00347908282591,2,18,16,0.012,True,True,True
CC(C)(Oc1ccc(CCNC(=O)c2ccc(Cl)cc2)cc1)C(=O)O,CCCO,0.0118910742556651,2,18,16,0.012,True,True,True
CC(C)(Oc1ccc(CCNC(=O)c2ccc(Cl)cc2)cc1)C(=O)O,CCO,0.0189251908106347,2,18,16,0.015143333595484455,True,True,True
CC(C)(Oc1ccc(CCNC(=O)c2ccc(Cl)cc2)cc1)C(=O)O,CO,0.0270606953000754,2,18,16,0.017545652460520183,True,True,True
CC(C)C(=O)Nc1ccc([N+](=O)[O-])c(C(F)(F)F)c1,C1COCCO1,0.0233911604249518,2,9,9,0.016653189254386098,True,True,True
CC(C)C(=O)Nc1ccc([N+](=O)[O-])c(C(F)(F)F)c1,CC#N,0.0461207073400274,2,10,10,0.030342179722826233,True,True,True
CC(C)C(=O)Nc1ccc([N+](=O)[O-])c(C(F)(F)F)c1,CC(C)=O,0.2105475525002478,2,10,10,0.14687757284635197,False,False,True
CC(C)C(=O)Nc1ccc([N+](=O)[O-])c(C(F)(F)F)c1,CC(C)O,0.0248435245435248,2,10,10,0.018893600246825924,True,True,True
CC(C)C(=O)Nc1ccc([N+](=O)[O-])c(C(F)(F)F)c1,CCO,0.042607566185812,3,10,10,0.02564171854312674,True,True,True
CC(C)C(=O)Nc1ccc([N+](=O)[O-])c(C(F)(F)F)c1,CCOC(C)=O,0.2485613348110419,2,10,10,0.17323009049757326,False,False,True
CC(C)C(=O)Nc1ccc([N+](=O)[O-])c(C(F)(F)F)c1,CO,0.0723972246434645,2,10,10,0.045190998624631634,True,True,True
CC(C)C(=O)Nc1ccc([N+](=O)[O-])c(C(F)(F)F)c1,COC(C)=O,0.3268150279357485,2,10,10,0.22846643457351787,False,False,True
CC1(C)CC[C@]2(C(=O)O)CC[C@]3(C)C(=CC[C@@H]4[C@@]5(C)CC[C@H](O)C(C)(C)[C@@H]5CC[C@]43C)[C@@H]2C1,CO,0.0145342000861666,2,16,12,0.012,True,True,True
CC1=NN(c2ccccc2)C(=O)C1,CC#N,0.060859008147799,2,10,7,0.044754224536456465,True,True,True
CC1=NN(c2ccccc2)C(=O)C1,CCCO,0.0924277113228733,2,10,7,0.05843830315174412,True,True,True
CC1=NN(c2ccccc2)C(=O)C1,CCO,0.0508264874195074,2,10,7,0.034882591148551245,True,True,True
CC1=NN(c2ccccc2)C(=O)C1,CCOC(C)=O,0.1899173281831104,2,10,7,0.13853023086745223,False,True,True
CC1=NN(c2ccccc2)C(=O)C1,CO,0.1517955650160628,2,10,7,0.10244908457294724,False,True,True
CC1COc2c(N3CCN(C)CC3)c(F)cc3c(=O)c(C(=O)O)cn1c23,O,0.2170169830659981,2,10,9,0.17326625901997508,False,False,True
CCC(C)n1ncn(-c2ccc(N3CCN(c4ccc(OC[C@H]5CO[C@](Cn6cncn6)(c6ccc(Cl)cc6Cl)O5)cc4)CC3)cc2)c1=O,CCO,0.0557988002219981,2,9,5,0.04093480420680462,True,True,True
CCC(C)n1ncn(-c2ccc(N3CCN(c4ccc(OC[C@H]5CO[C@](Cn6cncn6)(c6ccc(Cl)cc6Cl)O5)cc4)CC3)cc2)c1=O,CO,0.0144392316566633,2,9,5,0.01319384272083749,True,True,True
CCCCC(=O)N(Cc1ccc(-c2ccccc2-c2nn[nH]n2)cc1)[C@H](C(=O)O)C(C)C,CCOC(C)=O,0.3392608397241474,2,10,8,0.24475248841229935,False,False,True
CCCCC(=O)N(Cc1ccc(-c2ccccc2-c2nn[nH]n2)cc1)[C@H](C(=O)O)C(C)C,COC(C)=O,0.3583769987578158,2,10,8,0.2634321745722503,False,False,True
CCCCCCCCCCCC(=O)O,CCCO,0.0407935619833182,2,28,16,0.03365390968387322,True,True,True
CCCCCCCCCCCCCCCCCC(=O)O,CCO,0.0369654377421012,2,20,18,0.02519219560421909,True,True,True
CCCOC(=O)c1ccc(O)cc1,CC(C)O,0.0954436575314847,2,9,7,0.06834237779170642,True,True,True
CCCOC(=O)c1ccc(O)cc1,CCCO,0.0831500754479273,2,9,7,0.06720874881148357,True,True,True
CCCOC(=O)c1ccc(O)cc1,CCO,0.1038036526601968,2,9,7,0.07475541344167755,False,True,True
CCCSc1ccc2nc(NC(=O)OC)[nH]c2c1,CC(C)=O,0.0083615020597751,2,10,10,0.012,True,True,True
CCCSc1ccc2nc(NC(=O)OC)[nH]c2c1,CC(C)O,0.0076850688862967,2,10,10,0.012,True,True,True
CCCSc1ccc2nc(NC(=O)OC)[nH]c2c1,CO,0.0264562801542224,2,10,10,0.02081781724735402,True,True,True
CCCSc1nc(N[C@@H]2C[C@H]2c2ccc(F)c(F)c2)c2nnn([C@@H]3C[C@H](OCCO)[C@@H](O)[C@H]3O)c2n1,CC(C)O,0.2326915921952487,2,9,9,0.17163568409784802,False,False,True
CCCSc1nc(N[C@@H]2C[C@H]2c2ccc(F)c(F)c2)c2nnn([C@@H]3C[C@H](OCCO)[C@@H](O)[C@H]3O)c2n1,CCCCO,0.2410560813026127,2,9,9,0.17579768358693926,False,False,True
CCCSc1nc(N[C@@H]2C[C@H]2c2ccc(F)c(F)c2)c2nnn([C@@H]3C[C@H](OCCO)[C@@H](O)[C@H]3O)c2n1,CCCO,0.160715977502416,2,9,9,0.08285956796323801,False,True,True
CCCSc1nc(N[C@@H]2C[C@H]2c2ccc(F)c(F)c2)c2nnn([C@@H]3C[C@H](OCCO)[C@@H](O)[C@H]3O)c2n1,CCOC(C)=O,0.1502486543441396,2,9,9,0.1100690785116357,False,True,True
CCCc1cc(=O)[nH]c(=S)[nH]1,CCCO,0.0191749339678343,2,12,10,0.01343695428163577,True,True,True
CCCc1cc(=O)[nH]c(=S)[nH]1,CCO,0.0389696028079856,2,12,10,0.020263141291353336,True,True,True
CCCc1cc(=O)[nH]c(=S)[nH]1,CN(C)C=O,0.0287756289944189,2,12,3,0.014297360714027952,True,True,True
CCCc1cc(=O)[nH]c(=S)[nH]1,CO,0.196851751332653,2,12,10,0.1328476893165828,False,True,True
CCCc1cc(=O)[nH]c(=S)[nH]1,O,0.0831968854894048,2,12,10,0.04827771973087706,True,True,True
CCOC(=O)[C@@H](C)Oc1ccc(Oc2cnc3cc(Cl)ccc3n2)cc1,CC(C)=O,0.3755877964861612,2,10,8,0.2652219219682075,False,False,True
CCOC(=O)[C@@H](C)Oc1ccc(Oc2cnc3cc(Cl)ccc3n2)cc1,CCCCCC,0.4023810577929095,2,10,8,0.2927613128013765,False,False,True
CCOC(=O)[C@@H](C)Oc1ccc(Oc2cnc3cc(Cl)ccc3n2)cc1,CCO,0.0472363154742877,2,10,8,0.033097433853215924,True,True,True
CCOC(=O)[C@@H](C)Oc1ccc(Oc2cnc3cc(Cl)ccc3n2)cc1,CCOC(C)=O,0.3753915822157473,2,10,8,0.26538247195318365,False,False,True
CCOc1ccc(NC(C)=O)cc1,CCCCO,0.1737398624384631,2,19,15,0.12689010304080017,False,True,True
CCOc1ccc(NC(C)=O)cc1,CCCO,0.0382807552052227,2,19,15,0.02514241702620572,True,True,True
CCOc1ccc(NC(C)=O)cc1,CCO,0.0376982730224218,2,20,16,0.027128707778499003,True,True,True
CCOc1ccc(NC(C)=O)cc1,CCOC(C)=O,0.0384135593050224,2,20,16,0.031317478113309635,True,True,True
CCOc1ccc(NC(C)=O)cc1,CO,0.0255506947626635,2,19,15,0.014107088138408634,True,True,True
CCOc1ccccc1C(N)=O,CC#N,0.0282200198609269,2,8,7,0.02003872306820691,True,True,True
CCOc1ccccc1C(N)=O,CC(C)O,0.0904143115974837,2,9,7,0.0636322905625288,True,True,True
CCOc1ccccc1C(N)=O,CCO,0.0233030273415769,2,8,7,0.012662807644876373,True,True,True
CCOc1ccccc1C(N)=O,CO,0.0263424465721029,2,8,7,0.016863496213305275,True,True,True
CC[C@H](C)C(=O)O[C@H]1C[C@@H](C)C=C2C=C[C@H](C)[C@H](CC[C@@H]3C[C@@H](O)CC(=O)O3)[C@H]21,CC(C)=O,0.0332232572445201,2,20,15,0.024092369354966805,True,True,True
CCn1c2ccccc2c2cc(-n3nncc3-c3ccccc3)ccc21,CC#N,0.0335098142889543,2,17,15,0.025446295133238327,True,True,True
CCn1c2ccccc2c2cc(-n3nncc3-c3ccccc3)ccc21,CC(C)O,0.0387406440227098,2,21,18,0.0314853922970713,True,True,True
CCn1c2ccccc2c2cc(-n3nncc3-c3ccccc3)ccc21,CCCO,0.0358028351420334,2,19,16,0.03200089572768767,True,True,True
CCn1c2ccccc2c2cc(-n3nncc3-c3ccccc3)ccc21,CCO,0.0483061913436265,2,21,18,0.044095615768091345,True,True,True
CN1C(=O)CN=C(c2ccccc2)c2cc(Cl)ccc21,O,0.2933265492847833,2,10,7,0.22300036779518853,False,False,True
CN1CCN(C2=Nc3cc(Cl)ccc3Nc3ccccc32)CC1,CC(C)=O,0.159203669831151,2,10,9,0.1042731199962857,False,True,True
CN1CCN(C2=Nc3cc(Cl)ccc3Nc3ccccc32)CC1,CC(C)O,0.14067926817164,2,12,9,0.10120253273983713,False,True,True
CN1CCN(C2=Nc3cc(Cl)ccc3Nc3ccccc32)CC1,CCCCCO,0.0344356422987022,2,10,10,0.02593490338558744,True,True,True
CN1CCN(C2=Nc3cc(Cl)ccc3Nc3ccccc32)CC1,CCCCO,0.0442104461658023,2,10,10,0.032303995133672776,True,True,True
CN1CCN(C2=Nc3cc(Cl)ccc3Nc3ccccc32)CC1,CCCO,0.1274952700819396,3,12,10,0.09616693477116081,False,True,True
CN1CCN(C2=Nc3cc(Cl)ccc3Nc3ccccc32)CC1,CCO,0.045806226964177,3,12,10,0.03644766675324476,True,True,True
CN1CCN(C2=Nc3cc(Cl)ccc3Nc3ccccc32)CC1,CCOC(C)=O,0.0658785945636915,2,10,10,0.049560845514501,True,True,True
CN1CCN(C2=Nc3cc(Cl)ccc3Nc3ccccc32)CC1,CN(C)C=O,0.0806516604924325,2,12,9,0.06219637707773756,True,True,True
CN1CCN(C2=Nc3cc(Cl)ccc3Nc3ccccc32)CC1,CO,0.0634008428818025,2,11,9,0.045580912687300745,True,True,True
CN1CCN(C2=Nc3cc(Cl)ccc3Nc3ccccc32)CC1,COC(C)=O,0.2384795623959502,2,10,10,0.17238966025560065,False,False,True
CN1COCN(Cc2cnc(Cl)s2)C1=N[N+](=O)[O-],C1COCCO1,0.0164892840923206,2,8,8,0.012,True,True,True
CN1COCN(Cc2cnc(Cl)s2)C1=N[N+](=O)[O-],CC#N,0.0162851282276146,2,10,10,0.012,True,True,True
CN1COCN(Cc2cnc(Cl)s2)C1=N[N+](=O)[O-],CC(=O)N(C)C,0.0104137303728076,2,10,10,0.012,True,True,True
CN1COCN(Cc2cnc(Cl)s2)C1=N[N+](=O)[O-],CS(C)=O,0.0117967019225428,2,8,8,0.012,True,True,True
CN1c2ccccc2C(=O)N2CCc3c([nH]c4ccccc34)[C@H]21,CC(C)=O,0.0298247219506198,2,14,12,0.01895169562990032,True,True,True
CN1c2ccccc2C(=O)N2CCc3c([nH]c4ccccc34)[C@H]21,CC(C)O,0.0478463551322146,2,14,12,0.038360238128479454,True,True,True
CN1c2ccccc2C(=O)N2CCc3c([nH]c4ccccc34)[C@H]21,CCO,0.0378992053892485,2,14,12,0.030048110796730167,True,True,True
CN1c2ccccc2C(=O)N2CCc3c([nH]c4ccccc34)[C@H]21,CO,0.0365318837763211,2,14,12,0.028324113717413873,True,True,True
CNC(=O)c1cc(Oc2ccc(NC(=O)Nc3ccc(Cl)c(C(F)(F)F)c3)cc2)ccn1,CC(C)CO,0.2137606922791741,2,11,7,0.14621237490845052,False,False,True
CNC(=O)c1cc(Oc2ccc(NC(=O)Nc3ccc(Cl)c(C(F)(F)F)c3)cc2)ccn1,CC(C)O,0.0666763839077482,2,11,7,0.04736818411074984,True,True,True
CNC(=O)c1cc(Oc2ccc(NC(=O)Nc3ccc(Cl)c(C(F)(F)F)c3)cc2)ccn1,CCCCO,0.0860644772647507,2,11,7,0.06258502916954675,True,True,True
CNC(=O)c1cc(Oc2ccc(NC(=O)Nc3ccc(Cl)c(C(F)(F)F)c3)cc2)ccn1,CCCO,0.0992857598802492,2,11,7,0.07348807119950557,True,True,True
COC(=O)C1=C(C)NC(C)=C(C(=O)OCC(C)C)C1c1ccccc1[N+](=O)[O-],CC#N,0.0106195002936529,2,9,9,0.012,True,True,True
COC(=O)C1=C(C)NC(C)=C(C(=O)OCC(C)C)C1c1ccccc1[N+](=O)[O-],CC(C)O,0.0087732444147977,2,9,9,0.012,True,True,True
COC(=O)C1=C(C)NC(C)=C(C(=O)OCC(C)C)C1c1ccccc1[N+](=O)[O-],CCCO,0.012110440001637,2,9,9,0.012,True,True,True
COC(=O)C1=C(C)NC(C)=C(C(=O)OCC(C)C)C1c1ccccc1[N+](=O)[O-],CCOC(C)=O,0.0112730158743639,2,9,9,0.012,True,True,True
COC(=O)C1=C(C)NC(C)=C(C(=O)OCC(C)C)C1c1ccccc1[N+](=O)[O-],O,0.0089897993775234,2,9,9,0.012,True,True,True
COC(=O)C1CC(=O)C(C(=O)OC)CC1=O,CC#N,0.0563975337923068,2,12,5,0.04124558375316918,True,True,True
COC(=O)C1CC(=O)C(C(=O)OC)CC1=O,CC(C)=O,0.0307777906920934,2,10,5,0.022934381992241078,True,True,True
COC(=O)C1CC(=O)C(C(=O)OC)CC1=O,CCCO,0.0634730714679008,2,12,5,0.04395487822795697,True,True,True
COC(=O)C1CC(=O)C(C(=O)OC)CC1=O,CCOC(C)=O,0.0126030562311235,2,12,5,0.012,True,True,True
COC(=O)C1CC(=O)C(C(=O)OC)CC1=O,CO,0.0995580955780404,3,24,22,0.027050495287901564,True,True,True
COC(=O)Nc1nc2ccc(Sc3ccccc3)cc2[nH]1,O,0.012151418041759,2,10,10,0.012,True,True,True
COC1=CC(=O)C[C@@H](C)[C@]12Oc1c(Cl)c(OC)cc(OC)c1C2=O,CN1CCCC1=O,0.0131915160411347,2,23,12,0.012,True,True,True
CO[C@@]1(NC(=O)CSCC#N)C(=O)N2C(C(=O)O)=C(CSc3nnnn3C)CS[C@@H]21,CCO,0.0486360481655727,2,6,6,0.042625264393909415,True,True,True
CO[C@@]1(NC(=O)CSCC#N)C(=O)N2C(C(=O)O)=C(CSc3nnnn3C)CS[C@@H]21,CO,0.0639197854890348,2,6,6,0.05214048535643753,True,True,True
COc1c(C)c2c(c(O)c1C/C=C(\C)CCC(=O)OCCN1CCOCC1)C(=O)OC2,CC(C)O,0.0088784457296942,2,14,8,0.012,True,True,True
COc1c(C)c2c(c(O)c1C/C=C(\C)CCC(=O)OCCN1CCOCC1)C(=O)OC2,CC(O)CO,0.0079647174392995,2,14,8,0.012,True,True,True
COc1c(C)c2c(c(O)c1C/C=C(\C)CCC(=O)OCCN1CCOCC1)C(=O)OC2,CCO,0.0113579527670342,2,14,8,0.012,True,True,True
COc1c(C)c2c(c(O)c1C/C=C(\C)CCC(=O)OCCN1CCOCC1)C(=O)OC2,CS(C)=O,0.0138602455971735,2,11,8,0.01261261385656839,True,True,True
COc1c(C)c2c(c(O)c1C/C=C(\C)CCC(=O)OCCN1CCOCC1)C(=O)OC2,O,0.0267793976405485,2,14,8,0.018468167612728695,True,True,True
COc1cc(C(=O)O)ccc1O,CC(C)O,0.0106720537770753,2,9,7,0.012,True,True,True
COc1cc(C=O)ccc1O,CCO,0.0568594212552377,2,9,7,0.027078884744444993,True,True,True
COc1cc(C=O)ccc1O,O,0.0612517343165651,2,7,6,0.043289093215570285,True,True,True
COc1cc(Cc2cnc(N)nc2N)cc(OC)c1OC,CC(C)O,0.0346321382760526,2,19,12,0.023035392216719422,True,True,True
COc1cc(Cc2cnc(N)nc2N)cc(OC)c1OC,CCO,0.1112628754820126,2,20,13,0.0762035361363302,False,True,True
COc1ccc(Cl)cc1C(=O)NCCc1ccc(S(=O)(=O)NC(=O)NC2CCCCC2)cc1,CC#N,0.0228771473320834,2,9,8,0.013939562044557015,True,True,True
COc1ccc(Cl)cc1C(=O)NCCc1ccc(S(=O)(=O)NC(=O)NC2CCCCC2)cc1,CC(C)=O,0.0109170708337842,2,9,9,0.012,True,True,True
COc1ccc(Cl)cc1C(=O)NCCc1ccc(S(=O)(=O)NC(=O)NC2CCCCC2)cc1,CC(C)O,0.0184675118254979,3,9,9,0.016304051811555736,True,True,True
COc1ccc(Cl)cc1C(=O)NCCc1ccc(S(=O)(=O)NC(=O)NC2CCCCC2)cc1,CCCO,0.035757062790888,2,9,8,0.023337923879219794,True,True,True
COc1ccc(Cl)cc1C(=O)NCCc1ccc(S(=O)(=O)NC(=O)NC2CCCCC2)cc1,CCO,0.0172094191326238,2,9,9,0.014561681394302223,True,True,True
COc1ccc(Cl)cc1C(=O)NCCc1ccc(S(=O)(=O)NC(=O)NC2CCCCC2)cc1,CCOC(C)=O,0.0155151246847118,2,9,9,0.012562521038403498,True,True,True
COc1ccc(Cl)cc1C(=O)NCCc1ccc(S(=O)(=O)NC(=O)NC2CCCCC2)cc1,CO,0.0235836755809375,3,9,9,0.017465780191277994,True,True,True
COc1ccc(Cl)cc1C(=O)NCCc1ccc(S(=O)(=O)NC(=O)NC2CCCCC2)cc1,O,0.0157680898690936,2,9,8,0.012375684142381039,True,True,True
COc1ccc2cc([C@H](C)C(=O)O)ccc2c1,CCO,0.1221522539043829,3,15,8,0.09258093785121115,False,True,True
COc1ccccc1N1CCN(CC(O)COc2cccc3ccccc23)CC1,CCO,0.0313917756925997,2,12,6,0.02245231740695198,True,True,True
COc1ccccc1OCCNCC(O)COc1cccc2[nH]c3ccccc3c12,CCO,0.2526999900642983,2,8,5,0.17866203854741664,False,False,True
COc1ccccc1OCCNCC(O)COc1cccc2[nH]c3ccccc3c12,CCOC(C)=O,0.0144276575042329,2,8,5,0.012,True,True,True
COc1ccccc1OCCNCC(O)COc1cccc2[nH]c3ccccc3c12,CO,0.2171149370590551,2,8,5,0.15511500869626557,False,False,True
CS(=O)(=O)Nc1ccc([N+](=O)[O-])cc1Oc1ccccc1,CCO,0.0483791956109721,2,11,9,0.02414327319376192,True,True,True
CS(=O)(=O)Nc1ccc([N+](=O)[O-])cc1Oc1ccccc1,CCOC(C)=O,0.0148874215966493,2,11,9,0.012,True,True,True
CS(=O)(=O)c1ccc([C@@H](O)[C@@H](CF)NC(=O)C(Cl)Cl)cc1,CCCO,0.0090759802811697,2,14,8,0.012,True,True,True
CS(=O)(=O)c1ccc([C@@H](O)[C@@H](CF)NC(=O)C(Cl)Cl)cc1,CCO,0.014214005415877,2,14,8,0.012,True,True,True
CS(=O)(=O)c1ccc([C@@H](O)[C@@H](CF)NC(=O)C(Cl)Cl)cc1,O,0.0810122471198576,2,12,4,0.05717329885789438,True,True,True
C[C@@H]1CC[C@@]2(OC1)O[C@H]1C[C@H]3[C@@H]4CC=C5C[C@@H](O)CC[C@]5(C)[C@H]4CC[C@]3(C)[C@H]1[C@@H]2C,CCO,0.074012356483453,2,33,31,0.06635113634949488,True,True,True
C[C@@H]1CC[C@H]2[C@@H](C)C(=O)O[C@@H]3O[C@@]4(C)CC[C@@H]1[C@]32OO4,CC(C)=O,0.0092766944703495,2,16,15,0.012,True,True,True
C[C@@H]1CC[C@H]2[C@@H](C)C(=O)O[C@@H]3O[C@@]4(C)CC[C@@H]1[C@]32OO4,CCO,0.272477838230759,2,15,12,0.19484779970685379,False,False,True
C[C@@H]1CC[C@H]2[C@@H](C)C(=O)O[C@@H]3O[C@@]4(C)CC[C@@H]1[C@]32OO4,CCOC(C)=O,0.0251454093766299,2,16,15,0.019420486779804107,True,True,True
C[C@@H]1CC[C@H]2[C@@H](C)C(=O)O[C@@H]3O[C@@]4(C)CC[C@@H]1[C@]32OO4,CO,0.0129869229234502,2,16,15,0.012,True,True,True
C[C@@H]1CC[C@H]2[C@@H](C)C(=O)O[C@@H]3O[C@@]4(C)CC[C@@H]1[C@]32OO4,Cc1ccccc1,0.1717119016293675,2,16,15,0.11685073725467666,False,True,True
C[C@H]1[C@H](C)CC[C@]2(C(=O)O)CC[C@]3(C)C(=CC[C@@H]4[C@@]5(C)CC[C@H](O)C(C)(C)[C@@H]5CC[C@]43C)[C@H]12,CO,0.0214671201022926,2,17,11,0.01739501817573418,True,True,True
C[C@H]1[C@H](OC(=O)CCC(=O)O)O[C@@H]2O[C@@]3(C)CC[C@H]4[C@H](C)CC[C@@H]1[C@@]24OO3,CC(C)O,0.4003213370499013,2,18,15,0.25975292727068916,False,False,True
C[C@H]1[C@H](OC(=O)CCC(=O)O)O[C@@H]2O[C@@]3(C)CC[C@H]4[C@H](C)CC[C@@H]1[C@@]24OO3,CCO,0.4741320570839497,2,18,15,0.3103332855962854,False,False,True
Cc1[nH]nc2cc([N+](=O)[O-])ccc12,CCCO,0.0186137647809274,2,11,11,0.013662194959792562,True,True,True
Cc1[nH]nc2cc([N+](=O)[O-])ccc12,CCO,0.0149111926526006,2,11,11,0.012,True,True,True
Cc1[nH]nc2cc([N+](=O)[O-])ccc12,O,0.0051350713929102,2,11,11,0.012,True,True,True
Cc1c(C(=O)O)cccc1[N+](=O)[O-],C1COCCO1,0.1815544184329642,2,14,11,0.12872507731377186,False,True,True
Cc1c(C(=O)O)cccc1[N+](=O)[O-],CC#N,0.1952823292688818,2,16,13,0.13948896153600251,False,True,True
Cc1c(C(=O)O)cccc1[N+](=O)[O-],CC(C)O,0.0405355108244761,2,16,13,0.026667570799631113,True,True,True
Cc1c(C(=O)O)cccc1[N+](=O)[O-],CCCO,0.1466725702290381,2,16,13,0.10265262054691084,False,True,True
Cc1c(C(=O)O)cccc1[N+](=O)[O-],CCO,0.0367572060736901,2,16,13,0.023577699011686003,True,True,True
Cc1c(C(=O)O)cccc1[N+](=O)[O-],CCOC(C)=O,0.0352023512955924,2,16,13,0.02234553864940591,True,True,True
Cc1c(C(=O)O)cccc1[N+](=O)[O-],CO,0.0767791179096799,2,16,13,0.05771551040052149,True,True,True
Cc1c(Cl)cccc1Nc1ccccc1C(=O)O,C1CCCCC1,0.1731406197294677,2,11,8,0.13387950755771882,False,True,True
Cc1c(Cl)cccc1Nc1ccccc1C(=O)O,CCCCCCCO,0.0707059841155693,2,11,8,0.04869837638796279,True,True,True
Cc1c(Cl)cccc1Nc1ccccc1C(=O)O,CCCCCCO,0.2127286528634648,2,11,8,0.14830694101249997,False,False,True
Cc1c(Cl)cccc1Nc1ccccc1C(=O)O,CCCCCO,0.4203911466727268,2,11,8,0.295188812521596,False,False,True
Cc1c(Cl)cccc1Nc1ccccc1C(=O)O,CCOC(C)=O,0.2188245217634783,2,11,8,0.15450073624404165,False,False,True
Cc1c(Cl)cccc1Nc1ccccc1C(=O)O,CS(C)=O,0.1161412699541912,2,11,6,0.0845883870649228,False,True,True
Cc1cc(C(=O)O)ccc1[N+](=O)[O-],CCCCO,0.0172299953316104,2,26,9,0.012,True,True,True
Cc1cc(NS(=O)(=O)c2ccc(N)cc2)no1,O,0.0341967320560156,2,8,4,0.023231245564006728,True,True,True
Cc1ccc(C(=O)O)cc1,CO,0.4219341613845003,2,12,9,0.3026627764340368,False,False,True
Cc1ccc(S(N)(=O)=O)cc1,CC#N,0.1256399790346147,2,18,14,0.0938059724782147,False,True,True
Cc1ccc(S(N)(=O)=O)cc1,CC(C)O,0.1714504915392929,2,18,15,0.13443764240108058,False,True,True
Cc1ccc(S(N)(=O)=O)cc1,CCCCO,0.3056855993083845,2,18,15,0.22962263490807455,False,False,True
Cc1ccc(S(N)(=O)=O)cc1,CCCO,0.2788049334885153,2,18,15,0.2092551603108871,False,False,True
Cc1ccc(S(N)(=O)=O)cc1,CCO,0.1642316455297214,2,18,15,0.12376345425823711,False,True,True
Cc1ccc(S(N)(=O)=O)cc1,CCOC(C)=O,0.2222081460802062,2,18,15,0.16205472854945116,False,False,True
Cc1ccc(S(N)(=O)=O)cc1,CO,0.0249812672192636,2,18,15,0.02257899705499525,True,True,True
Cc1ccccc1S(N)(=O)=O,CC#N,0.1414921102838759,2,18,14,0.10598649409208738,False,True,True
Cc1ccccc1S(N)(=O)=O,CC(C)O,0.3784787876795598,2,17,14,0.27836226591458946,False,False,True
Cc1ccccc1S(N)(=O)=O,CCCCO,0.4383218704944726,2,17,14,0.3204537377545349,False,False,True
Cc1ccccc1S(N)(=O)=O,CCCO,0.381541499800862,2,17,14,0.2806792070804659,False,False,True
Cc1ccccc1S(N)(=O)=O,CCO,0.2097101072447997,2,17,14,0.15703187124146054,False,False,True
Cc1ccccc1S(N)(=O)=O,CCOC(C)=O,0.2091933279375891,2,17,14,0.155138298653768,False,False,True
Cc1ccccc1S(N)(=O)=O,CO,0.0883387815501829,2,17,14,0.06695413751758009,True,True,True
Cc1cnc(NC(=O)C2=C(O)c3ccccc3S(=O)(=O)N2C)s1,CCO,0.2583127390581694,2,6,4,0.1823319033385275,False,False,True
Cc1cnc(NC(=O)C2=C(O)c3ccccc3S(=O)(=O)N2C)s1,O,0.1899571540968464,3,7,5,0.14309264945245018,False,True,True
Cc1nc2n(c(=O)c1CCN1CCC(c3noc4cc(F)ccc34)CC1)CCCC2,CC(C)=O,0.048552101651456,2,10,8,0.039112959933451694,True,True,True
Cc1nc2n(c(=O)c1CCN1CCC(c3noc4cc(F)ccc34)CC1)CCCC2,CC(C)O,0.0523881482562376,2,10,8,0.02536360591954584,True,True,True
Cc1nc2n(c(=O)c1CCN1CCC(c3noc4cc(F)ccc34)CC1)CCCC2,CCCCO,0.0228247845569061,2,10,8,0.018759105734083452,True,True,True
Cc1nc2n(c(=O)c1CCN1CCC(c3noc4cc(F)ccc34)CC1)CCCC2,CCCO,0.02672018712532,2,10,8,0.018293560934840185,True,True,True
Cc1nc2n(c(=O)c1CCN1CCC(c3noc4cc(F)ccc34)CC1)CCCC2,CCO,0.0212296614634087,3,10,8,0.0184767835436671,True,True,True
Cc1nc2n(c(=O)c1CCN1CCC(c3noc4cc(F)ccc34)CC1)CCCC2,CCOC(C)=O,0.0406909494852164,2,10,8,0.030715396409835047,True,True,True
Cc1nc2n(c(=O)c1CCN1CCC(c3noc4cc(F)ccc34)CC1)CCCC2,CO,0.0243219293888586,3,11,10,0.016381167150050113,True,True,True
Cc1nc2n(c(=O)c1CCN1CCC(c3noc4cc(F)ccc34)CC1)CCCC2,O,0.0264858469206961,2,11,7,0.014104960359638295,True,True,True
Cc1ncc([N+](=O)[O-])n1CCO,O,0.0952995340389959,2,14,10,0.05096593095397382,True,True,True
Cc1nnc(C(C)C)n1C1C[C@H]2CC[C@@H](C1)N2CC[C@H](NC(=O)C1CCC(F)(F)CC1)c1ccccc1,CCCO,0.0180159553699888,2,20,18,0.014867954653232532,True,True,True
Cc1nnc(C(C)C)n1C1C[C@H]2CC[C@@H](C1)N2CC[C@H](NC(=O)C1CCC(F)(F)CC1)c1ccccc1,CCO,0.0103738607686077,2,20,18,0.012,True,True,True
Cc1nnc(C(C)C)n1C1C[C@H]2CC[C@@H](C1)N2CC[C@H](NC(=O)C1CCC(F)(F)CC1)c1ccccc1,CN(C)C=O,0.0221881839608921,2,20,18,0.018891271172759218,True,True,True
Cc1nnc(C(C)C)n1C1C[C@H]2CC[C@@H](C1)N2CC[C@H](NC(=O)C1CCC(F)(F)CC1)c1ccccc1,CS(C)=O,0.0216513415468995,2,17,13,0.014632598060580248,True,True,True
Cc1nnc(C(C)C)n1C1C[C@H]2CC[C@@H](C1)N2CC[C@H](NC(=O)C1CCC(F)(F)CC1)c1ccccc1,O,0.0159334407911889,2,20,18,0.012,True,True,True
Clc1ccccc1C(c1ccccc1)(c1ccccc1)n1ccnc1,CC(C)O,0.1182862144093413,2,16,15,0.08900774389971948,False,True,True
Clc1ccccc1C(c1ccccc1)(c1ccccc1)n1ccnc1,CCCO,0.0528204736972166,2,17,15,0.024406208053094892,True,True,True
Clc1ccccc1C(c1ccccc1)(c1ccccc1)n1ccnc1,O,0.0463787980427969,2,15,9,0.044786695390529783,True,True,True
Cn1c(=O)c2[nH]cnc2n(C)c1=O,CCO,0.1313765618886001,2,13,7,0.07131911903406495,False,True,True
Cn1c(=O)c2[nH]cnc2n(C)c1=O,O,0.2207167870734188,2,16,9,0.16006167661213913,False,False,True
Cn1c(=O)c2c(ncn2C)n(C)c1=O,CCCO,0.055328686700689,2,10,7,0.031176244884912968,True,True,True
Cn1c(=O)c2c(ncn2C)n(C)c1=O,CCO,0.090326493305969,3,10,7,0.06572997660108112,True,True,True
Cn1c(=O)c2c(ncn2C)n(C)c1=O,O,0.2215544022709353,2,15,11,0.16377163409034018,False,False,True
Cn1c(=O)c2c(ncn2CC2OCCO2)n(C)c1=O,CC#N,0.0380480176573702,3,20,18,0.03030833318404242,True,True,True
Cn1c(=O)c2c(ncn2CC2OCCO2)n(C)c1=O,CC(C)=O,0.0379646209177773,3,18,17,0.032385515949957845,True,True,True
Cn1c(=O)c2c(ncn2CC2OCCO2)n(C)c1=O,CC(C)O,0.1722576656446669,4,19,17,0.1474043191676646,False,True,True
Cn1c(=O)c2c(ncn2CC2OCCO2)n(C)c1=O,CCCO,0.3020384215317074,3,17,15,0.2539977341826372,False,False,True
Cn1c(=O)c2c(ncn2CC2OCCO2)n(C)c1=O,CCO,0.3845165835590232,4,17,16,0.3435999456672707,False,False,True
Cn1c(=O)c2c(ncn2CC2OCCO2)n(C)c1=O,CCOC(C)=O,0.2243461305116067,3,20,18,0.1781354508303559,False,False,True
Cn1c(=O)c2c(ncn2CC2OCCO2)n(C)c1=O,CO,0.0701674391082028,4,19,17,0.04854635582880096,True,True,True
Cn1c(=O)c2c(ncn2CC2OCCO2)n(C)c1=O,O,0.0269343930380654,3,16,16,0.018355749915892082,True,True,True
Cn1cnc2c1c(=O)[nH]c(=O)n2C,CCO,0.0248918707892241,2,11,8,0.01866807808755753,True,True,True
FC(F)(F)c1cccnc1Cl,CCO,0.0230062561345789,2,9,6,0.013920206693873997,True,True,True
N#CN=C(N)N,O,0.0226590214719192,2,10,9,0.01400337768870364,True,True,True
N#Cc1ccncc1,CC(C)=O,0.0132058674855329,2,11,9,0.012,True,True,True
N#Cc1ccncc1,CCCO,0.0117791644870709,2,11,9,0.012,True,True,True
N#Cc1ccncc1,CCO,0.0190689781404456,2,11,9,0.015277889516047768,True,True,True
N#Cc1ccncc1,CO,0.0330853514625913,2,11,9,0.028092272214307427,True,True,True
N=c1nc(N2CCCCC2)cc(N)n1O,O,0.0880537346799937,2,17,9,0.05040094287628392,True,True,True
NC(=O)N/N=C/c1ccc([N+](=O)[O-])o1,CC#N,0.0184150903882478,2,8,8,0.012020463654071074,True,True,True
NC(=O)N/N=C/c1ccc([N+](=O)[O-])o1,CC(C)=O,0.0073105898532985,2,8,8,0.012,True,True,True
NC(=O)N/N=C/c1ccc([N+](=O)[O-])o1,CC(C)O,0.2792235825856202,3,10,8,0.24572041377374548,False,False,True
NC(=O)N/N=C/c1ccc([N+](=O)[O-])o1,CCCO,0.3475178954522834,2,8,8,0.24467975388218802,False,False,True
NC(=O)N/N=C/c1ccc([N+](=O)[O-])o1,CCO,0.0277587406388827,3,10,8,0.021687938107812714,True,True,True
NC(=O)N/N=C/c1ccc([N+](=O)[O-])o1,CN(C)C=O,0.0495498454531321,2,8,8,0.03655588785548103,True,True,True
NC(=O)N/N=C/c1ccc([N+](=O)[O-])o1,CO,0.0157563247306462,2,8,8,0.012556004795805714,True,True,True
NC(=O)N/N=C/c1ccc([N+](=O)[O-])o1,NC=O,0.057082926018833,2,8,8,0.03956212831554608,True,True,True
NC(=O)N/N=C/c1ccc([N+](=O)[O-])o1,O,0.2592490541996144,3,10,8,0.2106796001201741,False,False,True
NC(=O)c1cnccn1,CC(C)=O,0.0372163340821515,2,10,9,0.027817909051198242,True,True,True
NC(=O)c1cnccn1,CO,0.0103976757706865,2,10,8,0.012,True,True,True
NC(=O)c1ncn([C@@H]2O[C@H](CO)[C@@H](O)[C@H]2O)n1,CCCO,0.3996634597476272,2,10,8,0.27870235487319467,False,False,True
NC(=O)c1ncn([C@@H]2O[C@H](CO)[C@@H](O)[C@H]2O)n1,CO,0.1860917146240193,2,10,8,0.1365272620006242,False,True,True
NC(=O)c1ncn([C@@H]2O[C@H](CO)[C@@H](O)[C@H]2O)n1,O,0.1021390262312274,2,10,8,0.07439826910876841,False,True,True
NC(N)=C([N+](=O)[O-])[N+](=O)[O-],CS(C)=O,0.025610489956528,2,22,14,0.01779894627399057,True,True,True
NC(N)=S,CC#N,0.2779199036526966,2,13,5,0.19519935074170608,False,False,True
NC(N)=S,CC(C)O,0.0734336466331804,2,13,5,0.052061028475506414,True,True,True
NC(N)=S,CCCCO,0.0627836852117457,2,12,5,0.04393287881888946,True,True,True
NC(N)=S,CCCO,0.0200767265353532,2,13,5,0.012008913133069342,True,True,True
NC(N)=S,CCO,0.0059466508270906,2,29,23,0.012,True,True,True
NC(N)=S,CCOC(C)=O,0.4972386910372843,2,13,5,0.35089748758140016,False,False,True
NC(N)=S,CO,0.0202137611788199,2,20,14,0.015850892832853444,True,True,True
NC(N)=S,O,0.0208574311849533,2,30,16,0.013341668539247065,True,True,True
NCC(CC(=O)O)c1ccc(Cl)cc1,CC(C)O,0.038732626585133,2,15,9,0.027856063322319054,True,True,True
NCC(CC(=O)O)c1ccc(Cl)cc1,CCCO,0.0491972668874803,2,15,9,0.031376985978052975,True,True,True
NCC(CC(=O)O)c1ccc(Cl)cc1,CCO,0.0400388139616511,2,15,9,0.03537022853926868,True,True,True
NCC(CC(=O)O)c1ccc(Cl)cc1,CO,0.0626183439811755,2,15,9,0.04245600909500013,True,True,True
NCCS(=O)(=O)O,O,0.0540580472571776,2,25,19,0.032730378645930265,True,True,True
NNC(=O)c1ccncc1,CCO,0.0461356277438547,2,14,7,0.03344992346122529,True,True,True
NNC(=O)c1ccncc1,CCOC(C)=O,0.0511884866986786,2,14,7,0.03660429468404954,True,True,True
NNC(=O)c1ccncc1,CO,0.0211590316741256,2,14,7,0.01606385825634389,True,True,True
NS(=O)(=O)Cc1noc2ccccc12,CC#N,0.0192470084761311,2,11,8,0.014373314017567435,True,True,True
NS(=O)(=O)Cc1noc2ccccc12,CC(C)O,0.0222322627639336,2,11,8,0.016783709806125056,True,True,True
NS(=O)(=O)Cc1noc2ccccc12,CCO,0.0128376609485018,2,11,8,0.012,True,True,True
NS(=O)(=O)Cc1noc2ccccc12,CN(C)C=O,0.0429922855958719,2,11,8,0.030640488265927524,True,True,True
N[C@@H](Cc1c[nH]c2ccccc12)C(=O)O,CCO,0.0148818297248797,2,12,5,0.012,True,True,True
N[C@@H](Cc1c[nH]c2ccccc12)C(=O)O,O,0.0605984714581246,2,12,5,0.040504335522926954,True,True,True
N[C@@H](Cc1ccccc1)C(=O)O,CCO,0.1462001250680091,2,9,5,0.10836065843094433,False,True,True
N[C@@H](Cc1ccccc1)C(=O)O,CO,0.2486900857642451,2,9,5,0.16344183402013177,False,False,True
N[C@@H](Cc1ccccc1)C(=O)O,O,0.0656619809748236,2,9,5,0.04557174074598521,True,True,True
Nc1ccc(O)c(C(=O)O)c1,O,0.0726239701676362,3,10,9,0.05475083011041734,True,True,True
Nc1ccc(S(=O)(=O)Nc2ccccn2)cc1,O,0.0807055870527672,2,5,4,0.053644016739659996,True,True,True
Nc1ccc(S(=O)(=O)Nc2ncccn2)cc1,CCO,0.2182084589996233,2,7,5,0.1543953788309135,False,False,True
Nc1ccc(S(=O)(=O)Nc2ncccn2)cc1,CO,0.0979240685423128,2,10,6,0.06638454011909622,True,True,True
Nc1ccc(S(=O)(=O)Nc2ncccn2)cc1,O,0.0243604757232164,3,12,8,0.020666515398232964,True,True,True
Nc1ccc(S(=O)(=O)c2ccc(N)cc2)cc1,CC(C)=O,0.0148539887737121,2,10,9,0.013662102088044865,True,True,True
Nc1ccc(S(=O)(=O)c2ccc(N)cc2)cc1,CCO,0.0163613976040441,2,10,9,0.014156053813205291,True,True,True
Nc1ccc(S(=O)(=O)c2ccc(N)cc2)cc1,CCOC(C)=O,0.0054503228045076,2,10,9,0.012,True,True,True
Nc1ccc(S(=O)(=O)c2ccc(N)cc2)cc1,CO,0.0277929318833071,2,10,9,0.021376938603775326,True,True,True
Nc1ccc(S(N)(=O)=O)cc1,CC(C)=O,0.0081947991802959,2,13,10,0.012,True,True,True
Nc1ccc(S(N)(=O)=O)cc1,CC(C)O,0.0520856274384539,2,13,10,0.03295882940234107,True,True,True
Nc1ccc(S(N)(=O)=O)cc1,CCC(C)O,0.1010143057447229,2,12,9,0.07078280521385608,False,True,True
Nc1ccc(S(N)(=O)=O)cc1,CCCCCCCCO,0.0150808825906381,2,9,4,0.012868239887780403,True,True,True
Nc1ccc(S(N)(=O)=O)cc1,CCCCO,0.0815001062612762,2,13,11,0.05400863902221764,True,True,True
Nc1ccc(S(N)(=O)=O)cc1,CCCO,0.0410002616722131,2,13,10,0.02657294571611142,True,True,True
Nc1ccc(S(N)(=O)=O)cc1,CCO,0.0501352833653847,3,10,9,0.025957155609581374,True,True,True
Nc1ccc(S(N)(=O)=O)cc1,CO,0.0209644144549566,2,9,9,0.0156418947214495,True,True,True
Nc1ccc(S(N)(=O)=O)cc1,Cc1ccccc1,0.022511156473305,2,9,9,0.017724352437311647,True,True,True
Nc1ccc(S(N)(=O)=O)cc1,O,0.0303491181823967,3,10,6,0.02275851135658285,True,True,True
Nc1cccc(C(=O)O)c1O,O,0.0196791126938902,2,5,5,0.015715544272739447,True,True,True
Nc1ccccn1,CCO,0.0600061826170183,2,10,6,0.03196290024996405,True,True,True
Nc1nnc(-c2cccc(Cl)c2Cl)c(N)n1,O,0.2462740109382277,4,15,12,0.18595052474389018,False,False,True
O=C(/C=C/C=C/c1ccc2c(c1)OCO2)N1CCCCC1,CCO,0.0159274326626425,2,14,8,0.012530805285199495,True,True,True
O=C(/C=C/C=C/c1ccc2c(c1)OCO2)N1CCCCC1,CCOC(C)=O,0.3526562724266249,2,14,8,0.2537744560283022,False,False,True
O=C(Nc1ccc(F)cc1F)c1cccnc1Oc1cccc(C(F)(F)F)c1,CC(C)O,0.014897466801195,2,10,10,0.012639869408500686,True,True,True
O=C(Nc1ccc(F)cc1F)c1cccnc1Oc1cccc(C(F)(F)F)c1,CCO,0.0094325498117576,2,10,10,0.012,True,True,True
O=C(Nc1ccc(F)cc1F)c1cccnc1Oc1cccc(C(F)(F)F)c1,CO,0.0190740220702455,2,10,10,0.014129137286428705,True,True,True
O=C(O)C(=O)O,CCO,0.3782760774520222,2,10,9,0.2503254287368356,False,False,True
O=C(O)C(=O)O,CCOC(C)=O,0.4831126098155813,2,10,9,0.37251353431480694,False,False,True
O=C(O)C(=O)O,O,0.0437818540827441,2,14,10,0.01677796075726729,True,True,True
O=C(O)CC(O)(CC(=O)O)C(=O)O,CCO,0.0720681878922896,2,22,13,0.05062511419511792,True,True,True
O=C(O)CC(O)(CC(=O)O)C(=O)O,O,0.0125996349461674,2,32,29,0.012,True,True,True
O=C(O)CCC(=O)O,CC(=O)O,0.0672629457462925,3,26,23,0.05368501397549863,True,True,True
O=C(O)CCC(=O)O,CC(C)=O,0.0397478261916268,2,15,12,0.031850953342328236,True,True,True
O=C(O)CCC(=O)O,CCO,0.1176151053855617,3,23,20,0.09626032938735452,False,True,True
O=C(O)CCC(=O)O,O,0.1006844258478632,3,33,32,0.07489546946991021,False,True,True
O=C(O)CCC(=O)O,O=C1CCCCC1,0.0083936200041169,3,25,22,0.012,True,True,True
O=C(O)CCCC(=O)O,CC(=O)O,0.070558277817426,2,28,17,0.05325883355206511,True,True,True
O=C(O)CCCC(=O)O,O,0.0336406902035662,2,34,26,0.017713908941064484,True,True,True
O=C(O)CCCC(=O)O,O=C1CCCCC1,0.0404237236952654,3,35,27,0.0453397738384261,True,True,True
O=C(O)CCCCC(=O)O,CC(=O)O,0.0251083493778705,3,38,35,0.01833779956366077,True,True,True
O=C(O)CCCCC(=O)O,CC(C)=O,0.104849436226608,2,16,14,0.08114985814118508,False,True,True
O=C(O)CCCCC(=O)O,O,0.1607674708487655,2,22,18,0.12167409605415477,False,True,True
O=C(O)CCCCC(=O)O,O=C1CCCCC1,0.0163848104266912,4,48,44,0.014326467503290325,True,True,True
O=C(O)CCCCCC(=O)O,CCO,0.0476091976621654,2,23,16,0.0312252635598725,True,True,True
O=C(O)CCCCCCC(=O)O,CC(C)=O,0.1125904107127173,2,15,13,0.08434987433850971,False,True,True
O=C(O)CCCCCCC(=O)O,CCO,0.0204419943907018,2,15,13,0.015025454693611728,True,True,True
O=C(O)CCCCCCC(=O)O,CCOC(C)=O,0.0472002827890427,2,16,13,0.03848228457703602,True,True,True
O=C(O)CCCCCCC(=O)O,O,0.1160422118277759,2,23,20,0.07416497540732625,False,True,True
O=C(O)CCCCCCCC(=O)O,CC(=O)O,0.1342643128297336,2,19,14,0.0982825709523265,False,True,True
O=C(O)CCCCCCCC(=O)O,CC(C)=O,0.1398472335768627,2,20,15,0.08719797618458036,False,True,True
O=C(O)CCCCCCCC(=O)O,CCO,0.1075017394384517,2,21,15,0.06642938640427491,False,True,True
O=C(O)CCCCCCCCCCC(=O)O,CC(=O)O,0.0299508504491932,2,9,8,0.020000395439305887,True,True,True
O=C(O)CCCCCCCCCCC(=O)O,CC(C)=O,0.0249781573513195,2,9,8,0.018121429261813697,True,True,True
O=C(O)CCCCCCCCCCC(=O)O,CCO,0.019739582723837,2,9,8,0.014285354374186203,True,True,True
O=C(O)CCCCCCCCCCC(=O)O,CCOC(C)=O,0.0144375903643419,2,9,8,0.012,True,True,True
O=C(O)[C@@H]1CCCN1,CCO,0.0211547359395202,2,11,6,0.01525401592738277,True,True,True
O=C(O)[C@@H]1CCCN1,CO,0.0430477604189845,2,10,8,0.030789214197320752,True,True,True
O=C(O)c1cc(O)c(O)c(O)c1,O,0.1145747250063882,5,23,20,0.07524733426910676,False,True,True
O=C(O)c1ccc(C(=O)O)cc1,CC(=O)N(C)C,0.1302428865230951,2,18,16,0.10119121135661535,False,True,True
O=C(O)c1ccc(C(=O)O)o1,CC(=O)O,0.1289705676837085,2,17,13,0.09324124473466579,False,True,True
O=C(O)c1ccc(C(=O)O)o1,CO,0.0801819148492306,2,14,8,0.05352287747735188,True,True,True
O=C(O)c1ccc(C(=O)O)o1,O,0.047204697116539,2,17,13,0.03438403543682693,True,True,True
O=C(O)c1ccc(Cl)cc1Cl,CCO,0.0658005547941063,2,10,5,0.043198019366031556,True,True,True
O=C(O)c1cccc(C(=O)O)c1,CC(C)O,0.0083734888784336,2,23,7,0.012,True,True,True
O=C(O)c1cccc(C(=O)O)c1,CCC(C)O,0.0945614232656091,2,18,9,0.06239010432099459,True,True,True
O=C(O)c1cccc(C(=O)O)c1,CCCCO,0.0339775061333572,2,20,4,0.02386090802232929,True,True,True
O=C(O)c1cccc(C(=O)O)c1,CCCO,0.0880944591062894,3,30,21,0.07669572107005439,True,True,True
O=C(O)c1cccc(C(=O)O)c1,CCO,0.0131509626359735,2,23,15,0.012,True,True,True
O=C(O)c1cccc(C(=O)O)c1,CO,0.0187873474768992,3,31,28,0.012101626546931851,True,True,True
O=C(O)c1cccc([N+](=O)[O-])c1C(=O)O,O,0.1144407616699451,2,26,23,0.06960522029421769,False,True,True
O=C(O)c1ccccc1Nc1ccccc1,CCO,0.1138228885874671,2,15,15,0.08691368171252374,False,True,True
O=C(O)c1ccccc1Nc1ccccc1,CO,0.1022022389393125,2,15,15,0.08156611209711202,False,True,True
O=C(O)c1ccccc1O,CC(C)=O,0.1932544571875972,3,16,6,0.14655697173165474,False,True,True
O=C(O)c1ccccc1O,CCCO,0.062433773105954,2,14,6,0.04455142232427599,True,True,True
O=C(O)c1ccccc1O,O,0.0759764306516652,3,23,21,0.08492472789348551,True,True,True
O=C(O)c1cccnc1,CC(C)=O,0.0357927317276027,2,11,9,0.02961309514789288,True,True,True
O=C(O)c1cccnc1,CCO,0.0410513341907064,2,12,9,0.038175415263805294,True,True,True
O=C(O)c1cccnc1,CS(C)=O,0.0114667791121551,2,12,8,0.012,True,True,True
O=C(O)c1cccnc1,O,0.0605746395785388,2,19,14,0.049956253590095284,True,True,True
O=C(O)c1ccco1,O,0.0919724968917776,2,36,23,0.06055459514109749,True,True,True
O=C(c1ccccc1)C(O)c1ccccc1,CC(C)=O,0.1103610984019408,2,11,7,0.0707251715971091,False,True,True
O=C(c1ccccc1)C(O)c1ccccc1,CCCCO,0.0876707829504638,2,11,7,0.05198548366806271,True,True,True
O=C(c1ccccc1)C(O)c1ccccc1,CCCO,0.0826825578437777,2,11,7,0.06591508495513798,True,True,True
O=C(c1ccccc1)C(O)c1ccccc1,CCO,0.0376352205268349,2,11,7,0.027123742480074996,True,True,True
O=C(c1ccccc1)C(O)c1ccccc1,CCOC(C)=O,0.0385825613535078,2,11,7,0.02692364441909811,True,True,True
O=C(c1ccccc1)C(O)c1ccccc1,CO,0.0815114308317809,2,11,7,0.061501853877795325,True,True,True
O=C1CC[C@@H](C(=O)O)N1,CC(C)O,0.25206672978336,2,17,9,0.1946789063891839,False,False,True
O=C1CC[C@@H](C(=O)O)N1,CCCO,0.2239165196024256,2,15,7,0.15823024577403222,False,False,True
O=C1CC[C@@H](C(=O)O)N1,CCO,0.0079127505949443,2,19,13,0.012,True,True,True
O=C1CC[C@@H](C(=O)O)N1,CO,0.0319478517656118,2,18,13,0.022874886961190447,True,True,True
O=C1N=NC([N+](=O)[O-])=N1,O,0.0328341448505482,2,11,9,0.024920111201505366,True,True,True
O=C1NC(=O)C(c2ccccc2)(c2ccccc2)N1,O,0.150692485467605,3,7,6,0.10494617972008305,False,True,True
O=C1NS(=O)(=O)c2ccccc21,CC(C)O,0.0994492915233651,2,10,7,0.07010128518364808,True,True,True
O=C1NS(=O)(=O)c2ccccc21,CCO,0.0372794813281423,2,10,7,0.02902238294726726,True,True,True
O=C1NS(=O)(=O)c2ccccc21,CO,0.0581109710283522,2,10,7,0.04577405328174126,True,True,True
O=C1O[C@H]([C@@H](O)CO)C(O)=C1O,CCO,0.3194951533705276,2,11,9,0.2196824592566416,False,False,True
O=C1O[C@H]([C@@H](O)CO)C(O)=C1O,CO,0.2213413127955522,2,11,9,0.1578627145127147,False,False,True
O=C1O[C@H]([C@@H](O)CO)C(O)=C1O,O,0.0229534187996387,3,35,22,0.016712391262383684,True,True,True
O=C1c2cccc(O)c2C(=O)c2c(O)cc(CO)cc21,CCO,0.012344926521552,2,10,8,0.012,True,True,True
O=C1c2cccc(O)c2C(=O)c2c(O)cc(CO)cc21,O,0.0113137413040686,2,10,8,0.012,True,True,True
O=C1c2ccccc2-c2ccccc21,CCCCO,0.1846594579783927,2,12,8,0.1274391754566861,False,True,True
O=C1c2ccccc2-c2ccccc21,CCO,0.2906607960150988,2,12,8,0.19036126835961792,False,False,True
O=C1c2ccccc2-c2ccccc21,CCOC(C)=O,0.0180240613360425,2,12,8,0.01285620706076265,True,True,True
O=Cc1cc([N+](=O)[O-])ccc1O,CC#N,0.0079264022966921,2,9,9,0.012,True,True,True
O=Cc1cc([N+](=O)[O-])ccc1O,CC(C)O,0.0097483083435717,2,9,9,0.012,True,True,True
O=Cc1cc([N+](=O)[O-])ccc1O,CCO,0.0177785762874604,2,9,9,0.012281247538237094,True,True,True
O=Cc1cc([N+](=O)[O-])ccc1O,CO,0.0093942632834571,2,9,9,0.012,True,True,True
O=Cc1cc([N+](=O)[O-])ccc1O,O,0.0229474768015501,2,9,9,0.01869114518722666,True,True,True
O=P(O)(O)c1ccccc1,CC(C)=O,0.0449484789510624,2,10,7,0.030732154627511377,True,True,True
O=P(O)(O)c1ccccc1,CCCO,0.1758960190340508,2,12,7,0.12549217535332058,False,True,True
O=P(Oc1ccccc1)(Oc1ccccc1)N1CCN(P(=O)(Oc2ccccc2)Oc2ccccc2)CC1,ClCCl,0.0100214027328036,2,6,5,0.012,True,True,True
O=[N+]([O-])/N=C1\NCCN1Cc1ccc(Cl)nc1,CC(C)=O,0.0231051435347552,2,20,15,0.017988197174146008,True,True,True
O=[N+]([O-])/N=C1\NCCN1Cc1ccc(Cl)nc1,CCCO,0.0144396756047212,2,11,7,0.012184638717994004,True,True,True
O=[N+]([O-])/N=C1\NCCN1Cc1ccc(Cl)nc1,CCO,0.0814140935413466,3,23,20,0.06464482202611527,True,True,True
O=[N+]([O-])/N=C1\NCCN1Cc1ccc(Cl)nc1,CO,0.0317389029414882,3,24,21,0.022799832966002753,True,True,True
O=[N+]([O-])/N=C1\NCCN1Cc1ccc(Cl)nc1,O,0.0124509616968467,2,20,8,0.012,True,True,True
O=[N+]([O-])N1C2C3N([N+](=O)[O-])C1C1N([N+](=O)[O-])C(C(N1[N+](=O)[O-])N3[N+](=O)[O-])N2[N+](=O)[O-],CCOC(C)=O,0.024233865515138,2,12,8,0.017870148613189703,True,True,True
O=[N+]([O-])N1CN([N+](=O)[O-])CN([N+](=O)[O-])CN([N+](=O)[O-])C1,CC(C)=O,0.0322266402405566,4,11,7,0.025045356787260272,True,True,True
O=[N+]([O-])N1CN([N+](=O)[O-])CN([N+](=O)[O-])CN([N+](=O)[O-])C1,CN1CCCC1=O,0.0399038239311985,2,19,14,0.035288898157144366,True,True,True
O=[N+]([O-])N1CN([N+](=O)[O-])CN([N+](=O)[O-])CN([N+](=O)[O-])C1,CS(C)=O,0.0406627783260417,3,14,13,0.03575264921803413,True,True,True
O=[N+]([O-])c1cn[nH]c1,CC#N,0.064780017421754,2,19,13,0.04275498560870627,True,True,True
O=[N+]([O-])c1cn[nH]c1,CCO,0.4321599871437079,2,19,13,0.29957257034520934,False,False,True
O=[N+]([O-])c1cn[nH]c1,CO,0.4075056984742787,2,19,13,0.2794037238873852,False,False,True
O=[N+]([O-])c1cn[nH]c1,O,0.0490867997239565,2,19,13,0.03956507755739712,True,True,True
O=[N+]([O-])c1nonc1-c1no[n+]([O-])c1-c1nonc1[N+](=O)[O-],CCO,0.1667605700927792,2,9,5,0.1080087363999687,False,True,True
O=[N+]([O-])c1nonc1-c1no[n+]([O-])c1-c1nonc1[N+](=O)[O-],CO,0.0572055360462752,2,9,5,0.04225299143076203,True,True,True
O=c1[nH]cc(F)c(=O)[nH]1,CC(C)O,0.1622447715318782,2,22,19,0.12083467087442723,False,True,True
O=c1[nH]cc(F)c(=O)[nH]1,CCCCO,0.1447374143203097,2,19,14,0.09703319453598784,False,True,True
O=c1[nH]cc(F)c(=O)[nH]1,CCCO,0.3479318962715374,2,22,18,0.25045826344959443,False,False,True
O=c1[nH]cc(F)c(=O)[nH]1,CCO,0.134182076114112,3,21,17,0.11277737961760333,False,True,True
O=c1[nH]cc(F)c(=O)[nH]1,CO,0.1795477907386605,2,16,13,0.12497054684564693,False,True,True
O=c1[nH]cc(F)c(=O)[nH]1,O,0.0368481721940205,3,17,15,0.028073629257299525,True,True,True
O=c1c2ccccc2nc2n1CCc1c-2[nH]c2ccccc12,CC(C)=O,0.0156535896223751,2,14,12,0.012,True,True,True
O=c1c2ccccc2nc2n1CCc1c-2[nH]c2ccccc12,CC(C)O,0.0214292982517809,2,14,12,0.01780844695660946,True,True,True
O=c1c2ccccc2nc2n1CCc1c-2[nH]c2ccccc12,CCO,0.1263348773631697,2,14,12,0.09015935244573703,False,True,True
O=c1c2ccccc2nc2n1CCc1c-2[nH]c2ccccc12,CO,0.0264807555462465,2,14,12,0.021919630050285493,True,True,True
O=c1cc(-c2ccc(O)c(O)c2)oc2cc(O)cc(O)c12,CCO,0.0099054702137823,2,9,5,0.012,True,True,True
O=c1cc(-c2ccc(O)cc2)oc2cc(O)cc(O)c12,CCCCO,0.0194331737658571,2,7,5,0.012,True,True,True
O=c1cc(-c2ccc(O)cc2)oc2cc(O)cc(O)c12,CCO,0.043324903930546,2,7,5,0.040916105294154605,True,True,True
O=c1cc(-c2ccc(O)cc2)oc2cc(O)cc(O)c12,CCOC(C)=O,0.0069591204236411,2,7,5,0.012,True,True,True
O=c1cc(-c2ccc(O)cc2)oc2cc(O)cc(O)c12,CO,0.0622579341383799,2,7,5,0.042172795850139354,True,True,True
O=c1cc(-c2ccc(O)cc2)oc2cc(O)cc(O)c12,O,0.0618951290422223,2,7,5,0.036424590872586184,True,True,True
O=c1cc(CBr)c2ccccc2[nH]1,CC(C)O,0.0107299401324892,2,10,8,0.012,True,True,True
O=c1cc(CBr)c2ccccc2[nH]1,CCCO,0.0139444810552148,2,10,8,0.012,True,True,True
O=c1cc(CBr)c2ccccc2[nH]1,CCO,0.0147011293136671,2,10,8,0.012,True,True,True
O=c1cc(CBr)c2ccccc2[nH]1,CN1CCCC1=O,0.0114198514050979,2,10,8,0.012,True,True,True
OC(Cn1cncn1)(Cn1cncn1)c1ccc(F)cc1F,CCO,0.0612794143254686,2,7,6,0.0460793013742415,True,True,True
OC[C@H]1O[C@@H](Oc2ccc(O)cc2)[C@H](O)[C@@H](O)[C@@H]1O,CC#N,0.1196738393427939,2,9,9,0.05990379001841583,False,True,True
OC[C@H]1O[C@@H](Oc2ccc(O)cc2)[C@H](O)[C@@H](O)[C@@H]1O,CC(C)=O,0.0348314840298629,2,9,9,0.030384039268473516,True,True,True
OC[C@H]1O[C@@H](Oc2ccc(O)cc2)[C@H](O)[C@@H](O)[C@@H]1O,CC(C)O,0.0419897065948098,2,9,9,0.016350920194375704,True,True,True
OC[C@H]1O[C@@H](Oc2ccc(O)cc2)[C@H](O)[C@@H](O)[C@@H]1O,CCCO,0.017064089268986,2,9,9,0.012433042308841713,True,True,True
OC[C@H]1O[C@@H](Oc2ccc(O)cc2)[C@H](O)[C@@H](O)[C@@H]1O,CCO,0.0238968264932892,2,9,9,0.01517900416884093,True,True,True
OC[C@H]1O[C@@H](Oc2ccc(O)cc2)[C@H](O)[C@@H](O)[C@@H]1O,CCOC(C)=O,0.2206972950294665,2,9,9,0.17077993278992518,False,False,True
OC[C@H]1O[C@@H](Oc2ccc(O)cc2)[C@H](O)[C@@H](O)[C@@H]1O,CO,0.0158744997145051,2,9,9,0.012,True,True,True
O[C@H]1[C@H](O)[C@@H](O)[C@H](O)[C@@H](O)[C@H]1O,O,0.0605934286956483,2,12,9,0.03830243732197713,True,True,True
Oc1ccc(/C=C/c2cc(O)cc(O)c2)cc1,CCCCO,0.2433663341694413,2,10,7,0.1686736783733131,False,False,True
Oc1ccc(/C=C/c2cc(O)cc(O)c2)cc1,CCCO,0.2019459582765442,2,10,7,0.14090809777973165,False,False,True
Oc1ccc(/C=C/c2cc(O)cc(O)c2)cc1,CCO,0.1881755559185437,2,16,9,0.13177734955087286,False,True,True
Oc1ccc(/C=C/c2cc(O)cc(O)c2)cc1,CO,0.1753043919256596,2,10,7,0.12415468445624676,False,True,True
Oc1ccc(/C=C/c2cc(O)cc(O)c2)cc1,O,0.0785849385836146,2,10,6,0.0482172190226606,True,True,True
Oc1ccc(OCc2ccccc2)cc1,CC(C)O,0.228484186170502,2,10,7,0.15422036113455653,False,False,True
Oc1ccc(OCc2ccccc2)cc1,CCCO,0.0651558066146462,2,10,7,0.04761759062814838,True,True,True
Oc1ccc(OCc2ccccc2)cc1,CCO,0.0959894091400259,2,10,7,0.0699344333490065,True,True,True
Oc1ccc(OCc2ccccc2)cc1,O,0.2566507612241494,2,10,7,0.18155646519337873,False,False,True
c1cc2ccc3cccc4ccc(c1)c2c34,CCC(C)(C)C(C)C,0.0264569171725864,2,7,6,0.01845348560863431,True,True,True
c1cc2ccc3cccc4ccc(c1)c2c34,Cc1ccccc1,0.0985376342336399,2,11,8,0.0719348646432226,True,True,True
c1ccc(-c2ccc(C(c3ccccc3)n3ccnc3)cc2)cc1,CC(C)O,0.1581696879501696,2,17,14,0.1272251611880023,False,True,True
c1ccc(-c2ccc(C(c3ccccc3)n3ccnc3)cc2)cc1,CCCO,0.1864600289188246,2,17,14,0.127550032910198,False,True,True
c1ccc2[nH]c(-c3cscn3)nc2c1,CC#N,0.0163238843819201,2,9,9,0.01270353690168787,True,True,True
c1ccc2[nH]c(-c3cscn3)nc2c1,CC(C)O,0.0105785511592768,2,9,9,0.012,True,True,True
c1ccc2[nH]c(-c3cscn3)nc2c1,CCCO,0.0155252840308687,2,9,9,0.012,True,True,True
c1ccc2[nH]c(-c3cscn3)nc2c1,CO,0.0073757859035092,2,9,9,0.012,True,True,True
c1ccc2c(c1)Cc1ccccc1-2,CC(C)=O,0.0132488932633536,2,18,16,0.012,True,True,True
c1ccc2c(c1)Cc1ccccc1-2,CC(C)O,0.2521328920260759,2,19,12,0.17028521011586678,False,False,True
c1ccc2c(c1)Cc1ccccc1-2,CCCO,0.0913186244987998,2,18,16,0.06595349812340319,True,True,True
c1ccc2c(c1)Cc1ccccc1-2,CCO,0.0153386436027567,2,19,16,0.012,True,True,True
c1ccc2c(c1)ccc1ccccc12,CCC(C)(C)C(C)C,0.2007775290309527,2,7,5,0.1353739056506785,False,False,True
c1ccc2c(c1)sc1ccccc12,CCO,0.0315936633063896,2,21,16,0.026355095709349935,True,True,True
c1ccc2ccccc2c1,CC(C)=O,0.0239992895184778,2,28,23,0.017294869070550514,True,True,True
